user_id,post_id,subreddit,news,interaction_type,interaction_score,timestamp
U86,P223,cricket,Star bowler takes five wickets,upvote,3,47:24.9
U56,P145,cricket,Star bowler takes five wickets,comment,1,47:24.9
U69,P38,tennis,Historic tennis comeback win,comment,2,47:24.9
U86,P69,tennis,Young player reaches finals,upvote,1,47:24.9
U32,P235,tennis,Historic tennis comeback win,view,3,47:24.9
U62,P70,nba,Trade rumors heat up in NBA,upvote,2,47:24.9
U95,P3,nba,NBA finals game recap,upvote,2,47:24.9
U48,P84,nba,Playoff race intensifies,comment,3,47:24.9
U15,P5,nba,NBA finals game recap,upvote,1,47:24.9
U18,P239,football,Champions League match analysis,upvote,1,47:24.9
U79,P105,football,Last-minute goal shocks fans,upvote,1,47:24.9
U64,P70,football,Football club wins league title,view,2,47:24.9
U96,P158,tennis,Grand Slam match summary,comment,2,47:24.9
U62,P291,nba,Star player scores 40 points,upvote,2,47:24.9
U19,P273,f1,Qualifying results analysis,upvote,1,47:24.9
U61,P254,football,Champions League match analysis,view,2,47:24.9
U49,P274,f1,Qualifying results analysis,comment,2,47:24.9
U89,P272,football,Top striker scores hat-trick,view,1,47:24.9
U84,P29,nba,Trade rumors heat up in NBA,comment,1,47:24.9
U48,P61,f1,Qualifying results analysis,view,3,47:24.9
U70,P9,cricket,IPL player scores century,comment,1,47:24.9
U8,P3,tennis,Young player reaches finals,comment,1,47:24.9
U22,P61,football,Top striker scores hat-trick,upvote,2,47:24.9
U61,P163,tennis,Historic tennis comeback win,comment,2,47:24.9
U54,P28,cricket,Cricket World Cup match highlights,view,1,47:24.9
U13,P197,cricket,Star bowler takes five wickets,comment,1,47:24.9
U22,P214,f1,Driver wins dramatic race,comment,2,47:24.9
U51,P101,nba,Trade rumors heat up in NBA,upvote,1,47:24.9
U91,P102,tennis,Historic tennis comeback win,comment,3,47:24.9
U45,P196,football,Top striker scores hat-trick,comment,3,47:24.9
U53,P77,football,Last-minute goal shocks fans,view,3,47:24.9
U19,P166,tennis,Historic tennis comeback win,upvote,1,47:24.9
U33,P273,tennis,Historic tennis comeback win,upvote,3,47:24.9
U60,P220,tennis,Young player reaches finals,upvote,2,47:24.9
U84,P244,cricket,India wins thrilling cricket match,upvote,1,47:24.9
U28,P71,cricket,Cricket World Cup match highlights,upvote,2,47:24.9
U52,P112,nba,NBA finals game recap,upvote,3,47:24.9
U81,P89,cricket,India wins thrilling cricket match,view,3,47:24.9
U71,P20,football,Top striker scores hat-trick,view,3,47:24.9
U41,P171,football,Last-minute goal shocks fans,upvote,1,47:24.9
U62,P117,football,Top striker scores hat-trick,view,3,47:24.9
U59,P117,tennis,Historic tennis comeback win,view,2,47:24.9
U83,P17,football,Champions League match analysis,comment,1,47:24.9
U86,P19,tennis,Historic tennis comeback win,view,1,47:24.9
U8,P119,nba,NBA finals game recap,view,1,47:24.9
U77,P287,tennis,Historic tennis comeback win,view,1,47:24.9
U74,P171,football,Top striker scores hat-trick,upvote,3,47:24.9
U47,P122,f1,Qualifying results analysis,comment,2,47:24.9
U6,P266,tennis,Young player reaches finals,upvote,3,47:24.9
U50,P128,nba,NBA finals game recap,comment,1,47:24.9
U28,P15,tennis,Historic tennis comeback win,upvote,2,47:24.9
U51,P121,football,Last-minute goal shocks fans,view,1,47:24.9
U25,P14,tennis,Top seed knocked out,comment,2,47:24.9
U75,P159,tennis,Top seed knocked out,view,3,47:24.9
U72,P148,nba,Star player scores 40 points,comment,2,47:24.9
U9,P227,cricket,IPL player scores century,comment,3,47:24.9
U96,P229,tennis,Grand Slam match summary,comment,3,47:24.9
U90,P192,nba,Trade rumors heat up in NBA,view,1,47:24.9
U99,P263,cricket,Star bowler takes five wickets,view,2,47:24.9
U20,P32,football,Last-minute goal shocks fans,upvote,3,47:24.9
U3,P98,tennis,Young player reaches finals,view,1,47:24.9
U75,P135,football,Top striker scores hat-trick,comment,3,47:24.9
U38,P109,tennis,Top seed knocked out,upvote,3,47:24.9
U18,P157,cricket,Cricket World Cup match highlights,view,2,47:24.9
U24,P57,nba,Star player scores 40 points,view,1,47:24.9
U68,P165,tennis,Grand Slam match summary,comment,2,47:24.9
U49,P207,tennis,Grand Slam match summary,comment,3,47:24.9
U22,P104,football,Champions League match analysis,comment,1,47:24.9
U39,P61,nba,Star player scores 40 points,upvote,3,47:24.9
U83,P252,tennis,Top seed knocked out,comment,1,47:24.9
U70,P67,cricket,IPL player scores century,comment,2,47:24.9
U24,P283,f1,Driver wins dramatic race,comment,3,47:24.9
U82,P176,nba,NBA finals game recap,view,3,47:24.9
U91,P209,nba,NBA finals game recap,view,1,47:24.9
U8,P2,nba,Star player scores 40 points,view,3,47:24.9
U56,P108,nba,Playoff race intensifies,upvote,1,47:24.9
U30,P52,tennis,Historic tennis comeback win,view,3,47:24.9
U68,P31,cricket,Star bowler takes five wickets,comment,1,47:24.9
U15,P262,tennis,Young player reaches finals,upvote,1,47:24.9
U100,P195,f1,F1 race weekend highlights,view,3,47:24.9
U11,P276,f1,Driver wins dramatic race,comment,3,47:24.9
U51,P272,f1,Qualifying results analysis,comment,1,47:24.9
U18,P168,tennis,Top seed knocked out,view,1,47:24.9
U69,P121,tennis,Top seed knocked out,upvote,1,47:24.9
U14,P70,nba,Star player scores 40 points,comment,1,47:24.9
U67,P218,tennis,Historic tennis comeback win,upvote,3,47:24.9
U82,P102,cricket,Cricket World Cup match highlights,upvote,2,47:24.9
U97,P84,tennis,Young player reaches finals,view,2,47:24.9
U66,P137,cricket,Star bowler takes five wickets,view,1,47:24.9
U92,P39,tennis,Young player reaches finals,upvote,3,47:24.9
U44,P63,f1,F1 race weekend highlights,comment,1,47:24.9
U12,P53,football,Champions League match analysis,view,1,47:24.9
U97,P26,cricket,IPL player scores century,upvote,3,47:24.9
U31,P15,cricket,Star bowler takes five wickets,comment,2,47:24.9
U61,P132,f1,F1 race weekend highlights,view,2,47:24.9
U57,P241,f1,Qualifying results analysis,upvote,3,47:24.9
U28,P30,f1,Qualifying results analysis,upvote,1,47:24.9
U17,P125,football,Football club wins league title,view,2,47:24.9
U84,P6,cricket,Star bowler takes five wickets,view,2,47:24.9
U17,P223,cricket,Cricket World Cup match highlights,comment,2,47:24.9
U49,P55,f1,Qualifying results analysis,comment,1,47:24.9
U18,P240,football,Last-minute goal shocks fans,upvote,1,47:24.9
U1,P266,football,Last-minute goal shocks fans,upvote,3,47:24.9
U90,P82,tennis,Historic tennis comeback win,view,2,47:24.9
U79,P69,nba,Star player scores 40 points,comment,3,47:24.9
U32,P23,f1,Team strategy dominates race,upvote,1,47:24.9
U93,P170,cricket,India wins thrilling cricket match,comment,3,47:24.9
U48,P146,tennis,Grand Slam match summary,view,3,47:24.9
U18,P199,football,Champions League match analysis,view,3,47:24.9
U51,P197,nba,NBA finals game recap,comment,3,47:24.9
U1,P2,tennis,Grand Slam match summary,comment,3,47:24.9
U97,P289,nba,Trade rumors heat up in NBA,comment,3,47:24.9
U40,P87,football,Last-minute goal shocks fans,comment,1,47:24.9
U79,P43,football,Last-minute goal shocks fans,upvote,2,47:24.9
U89,P123,nba,NBA finals game recap,upvote,2,47:24.9
U87,P197,f1,Driver wins dramatic race,view,3,47:24.9
U17,P108,nba,NBA finals game recap,comment,1,47:24.9
U25,P88,cricket,IPL player scores century,view,2,47:24.9
U93,P70,tennis,Young player reaches finals,comment,2,47:24.9
U25,P160,tennis,Top seed knocked out,view,3,47:24.9
U25,P210,tennis,Historic tennis comeback win,comment,1,47:24.9
U75,P91,football,Last-minute goal shocks fans,view,3,47:24.9
U64,P265,f1,Team strategy dominates race,comment,1,47:24.9
U45,P69,football,Football club wins league title,comment,3,47:24.9
U19,P145,football,Last-minute goal shocks fans,upvote,3,47:24.9
U28,P254,cricket,IPL player scores century,comment,3,47:24.9
U81,P273,football,Last-minute goal shocks fans,comment,3,47:24.9
U9,P62,football,Top striker scores hat-trick,upvote,1,47:24.9
U39,P165,football,Last-minute goal shocks fans,view,1,47:24.9
U31,P122,f1,Driver wins dramatic race,comment,2,47:24.9
U87,P167,f1,Team strategy dominates race,upvote,1,47:24.9
U26,P222,tennis,Top seed knocked out,view,3,47:24.9
U11,P48,cricket,India wins thrilling cricket match,upvote,1,47:24.9
U4,P276,tennis,Historic tennis comeback win,comment,1,47:24.9
U44,P82,f1,Team strategy dominates race,view,2,47:24.9
U97,P165,nba,Trade rumors heat up in NBA,comment,1,47:24.9
U17,P133,f1,Qualifying results analysis,view,1,47:24.9
U27,P6,f1,Driver wins dramatic race,comment,3,47:24.9
U91,P105,cricket,IPL player scores century,upvote,2,47:24.9
U30,P210,nba,NBA finals game recap,upvote,3,47:24.9
U97,P140,cricket,Cricket World Cup match highlights,upvote,2,47:24.9
U81,P40,football,Champions League match analysis,comment,3,47:24.9
U4,P179,nba,Trade rumors heat up in NBA,upvote,3,47:24.9
U58,P234,football,Football club wins league title,view,3,47:24.9
U4,P83,f1,Driver wins dramatic race,view,2,47:24.9
U40,P184,cricket,IPL player scores century,view,1,47:24.9
U77,P44,tennis,Historic tennis comeback win,comment,2,47:24.9
U37,P165,tennis,Grand Slam match summary,upvote,1,47:24.9
U99,P114,cricket,IPL player scores century,view,2,47:24.9
U29,P79,football,Football club wins league title,comment,3,47:24.9
U19,P134,f1,Driver wins dramatic race,comment,3,47:24.9
U61,P253,nba,Trade rumors heat up in NBA,view,1,47:24.9
U97,P15,f1,Driver wins dramatic race,comment,1,47:24.9
U37,P136,nba,Star player scores 40 points,comment,1,47:24.9
U91,P210,nba,Playoff race intensifies,upvote,1,47:24.9
U97,P205,football,Last-minute goal shocks fans,upvote,3,47:24.9
U26,P24,f1,F1 race weekend highlights,upvote,2,47:24.9
U64,P293,football,Last-minute goal shocks fans,upvote,3,47:24.9
U29,P64,cricket,Star bowler takes five wickets,view,1,47:24.9
U58,P250,f1,Qualifying results analysis,comment,1,47:24.9
U83,P50,tennis,Top seed knocked out,comment,1,47:24.9
U23,P285,nba,Playoff race intensifies,view,2,47:24.9
U82,P193,cricket,India wins thrilling cricket match,upvote,3,47:24.9
U88,P125,tennis,Top seed knocked out,comment,2,47:24.9
U45,P53,tennis,Top seed knocked out,view,1,47:24.9
U86,P68,tennis,Young player reaches finals,upvote,3,47:24.9
U68,P217,tennis,Young player reaches finals,comment,2,47:24.9
U37,P35,f1,Driver wins dramatic race,comment,1,47:24.9
U13,P263,football,Top striker scores hat-trick,comment,3,47:24.9
U21,P168,nba,Star player scores 40 points,upvote,3,47:24.9
U42,P243,f1,Qualifying results analysis,upvote,3,47:24.9
U87,P108,nba,NBA finals game recap,comment,3,47:24.9
U66,P155,tennis,Top seed knocked out,upvote,2,47:24.9
U91,P72,cricket,Star bowler takes five wickets,view,3,47:24.9
U89,P189,tennis,Historic tennis comeback win,view,2,47:24.9
U54,P64,f1,F1 race weekend highlights,upvote,1,47:24.9
U91,P184,football,Last-minute goal shocks fans,upvote,3,47:24.9
U78,P183,tennis,Young player reaches finals,comment,2,47:24.9
U20,P131,tennis,Grand Slam match summary,upvote,2,47:24.9
U62,P163,nba,NBA finals game recap,upvote,3,47:24.9
U64,P145,football,Top striker scores hat-trick,comment,3,47:24.9
U56,P224,football,Last-minute goal shocks fans,upvote,2,47:24.9
U36,P176,f1,Driver wins dramatic race,comment,3,47:24.9
U15,P5,tennis,Grand Slam match summary,comment,1,47:24.9
U92,P281,nba,NBA finals game recap,upvote,1,47:24.9
U2,P39,tennis,Top seed knocked out,comment,2,47:24.9
U59,P185,tennis,Grand Slam match summary,comment,2,47:24.9
U35,P49,f1,F1 race weekend highlights,comment,1,47:24.9
U79,P148,cricket,Star bowler takes five wickets,comment,2,47:24.9
U46,P243,football,Top striker scores hat-trick,comment,3,47:24.9
U13,P36,f1,Qualifying results analysis,view,1,47:24.9
U41,P249,tennis,Historic tennis comeback win,upvote,2,47:24.9
U8,P48,tennis,Top seed knocked out,view,2,47:24.9
U26,P38,f1,Qualifying results analysis,view,1,47:24.9
U70,P158,f1,Driver wins dramatic race,upvote,1,47:24.9
U44,P239,nba,Star player scores 40 points,comment,1,47:24.9
U69,P59,football,Football club wins league title,upvote,1,47:24.9
U3,P10,nba,Star player scores 40 points,view,3,47:24.9
U87,P97,cricket,Star bowler takes five wickets,view,2,47:24.9
U23,P94,f1,Qualifying results analysis,comment,1,47:24.9
U82,P88,tennis,Grand Slam match summary,comment,2,47:24.9
U8,P185,cricket,Star bowler takes five wickets,comment,1,47:24.9
U17,P62,tennis,Young player reaches finals,upvote,1,47:24.9
U99,P209,football,Football club wins league title,comment,3,47:24.9
U39,P53,cricket,Star bowler takes five wickets,comment,1,47:24.9
U60,P35,cricket,Star bowler takes five wickets,view,2,47:24.9
U8,P5,tennis,Historic tennis comeback win,upvote,1,47:24.9
U70,P13,football,Football club wins league title,upvote,3,47:24.9
U38,P68,football,Football club wins league title,view,2,47:24.9
U4,P57,nba,Playoff race intensifies,upvote,1,47:24.9
U5,P243,nba,Trade rumors heat up in NBA,upvote,2,47:24.9
U25,P242,f1,Qualifying results analysis,comment,1,47:24.9
U31,P110,football,Top striker scores hat-trick,view,3,47:24.9
U65,P267,f1,Qualifying results analysis,upvote,3,47:24.9
U99,P117,f1,Qualifying results analysis,upvote,2,47:24.9
U62,P120,football,Champions League match analysis,view,3,47:24.9
U58,P29,cricket,Star bowler takes five wickets,upvote,1,47:24.9
U4,P250,cricket,Star bowler takes five wickets,upvote,2,47:24.9
U79,P3,nba,NBA finals game recap,comment,3,47:24.9
U54,P177,f1,F1 race weekend highlights,comment,1,47:24.9
U75,P76,tennis,Historic tennis comeback win,view,1,47:24.9
U81,P85,tennis,Top seed knocked out,comment,3,47:24.9
U10,P126,cricket,India wins thrilling cricket match,view,2,47:24.9
U34,P263,f1,F1 race weekend highlights,upvote,1,47:24.9
U92,P75,football,Top striker scores hat-trick,upvote,1,47:24.9
U16,P65,tennis,Historic tennis comeback win,comment,2,47:24.9
U57,P69,tennis,Young player reaches finals,view,2,47:24.9
U34,P105,tennis,Grand Slam match summary,view,1,47:24.9
U48,P1,football,Last-minute goal shocks fans,upvote,1,47:24.9
U99,P214,cricket,IPL player scores century,upvote,2,47:24.9
U25,P14,f1,Driver wins dramatic race,view,2,47:24.9
U90,P250,football,Top striker scores hat-trick,view,1,47:24.9
U99,P261,cricket,India wins thrilling cricket match,view,2,47:24.9
U35,P263,nba,Playoff race intensifies,comment,2,47:24.9
U70,P63,nba,Star player scores 40 points,upvote,2,47:24.9
U29,P195,cricket,Star bowler takes five wickets,upvote,2,47:24.9
U30,P74,tennis,Top seed knocked out,view,3,47:24.9
U16,P87,nba,Playoff race intensifies,comment,2,47:24.9
U65,P289,football,Top striker scores hat-trick,comment,2,47:24.9
U5,P244,cricket,Star bowler takes five wickets,upvote,3,47:24.9
U34,P4,football,Champions League match analysis,view,1,47:24.9
U57,P27,nba,Trade rumors heat up in NBA,view,1,47:24.9
U20,P124,nba,Star player scores 40 points,view,2,47:24.9
U4,P49,tennis,Grand Slam match summary,comment,3,47:24.9
U19,P251,cricket,India wins thrilling cricket match,upvote,1,47:24.9
U12,P154,tennis,Top seed knocked out,view,3,47:24.9
U11,P256,cricket,Star bowler takes five wickets,comment,2,47:24.9
U34,P32,nba,Star player scores 40 points,upvote,3,47:24.9
U61,P96,cricket,India wins thrilling cricket match,comment,2,47:24.9
U95,P160,cricket,Cricket World Cup match highlights,comment,1,47:24.9
U41,P33,tennis,Historic tennis comeback win,view,3,47:24.9
U68,P299,f1,F1 race weekend highlights,upvote,2,47:24.9
U50,P281,f1,F1 race weekend highlights,comment,3,47:24.9
U40,P231,nba,Trade rumors heat up in NBA,upvote,3,47:24.9
U45,P110,f1,Qualifying results analysis,view,2,47:24.9
U67,P284,cricket,Cricket World Cup match highlights,upvote,2,47:24.9
U28,P1,football,Football club wins league title,comment,2,47:24.9
U80,P225,nba,Trade rumors heat up in NBA,upvote,2,47:24.9
U62,P262,cricket,IPL player scores century,view,3,47:24.9
U85,P212,cricket,Cricket World Cup match highlights,view,2,47:24.9
U16,P166,nba,NBA finals game recap,upvote,1,47:24.9
U40,P31,cricket,Cricket World Cup match highlights,comment,3,47:24.9
U50,P206,nba,Playoff race intensifies,comment,2,47:24.9
U45,P223,cricket,Cricket World Cup match highlights,comment,2,47:24.9
U19,P245,tennis,Historic tennis comeback win,comment,3,47:24.9
U5,P284,nba,NBA finals game recap,upvote,1,47:24.9
U22,P271,football,Last-minute goal shocks fans,upvote,1,47:24.9
U83,P72,cricket,IPL player scores century,comment,3,47:24.9
U48,P288,f1,Driver wins dramatic race,upvote,1,47:24.9
U94,P292,cricket,Cricket World Cup match highlights,comment,1,47:24.9
U63,P91,nba,Trade rumors heat up in NBA,upvote,3,47:24.9
U14,P230,tennis,Historic tennis comeback win,upvote,1,47:24.9
U57,P62,f1,Driver wins dramatic race,comment,1,47:24.9
U30,P233,nba,NBA finals game recap,comment,2,47:24.9
U85,P24,football,Top striker scores hat-trick,comment,2,47:24.9
U37,P78,football,Champions League match analysis,comment,2,47:24.9
U33,P148,tennis,Historic tennis comeback win,comment,1,47:24.9
U53,P174,cricket,Cricket World Cup match highlights,comment,3,47:24.9
U57,P235,nba,Star player scores 40 points,comment,2,47:24.9
U51,P170,tennis,Historic tennis comeback win,upvote,1,47:24.9
U43,P112,cricket,India wins thrilling cricket match,comment,3,47:24.9
U50,P78,f1,Team strategy dominates race,view,2,47:24.9
U37,P139,cricket,Cricket World Cup match highlights,comment,1,47:24.9
U21,P53,nba,Playoff race intensifies,upvote,3,47:24.9
U60,P220,cricket,India wins thrilling cricket match,upvote,3,47:24.9
U40,P298,football,Top striker scores hat-trick,view,3,47:24.9
U20,P74,football,Champions League match analysis,comment,2,47:24.9
U63,P222,tennis,Young player reaches finals,view,3,47:24.9
U32,P204,cricket,Cricket World Cup match highlights,view,2,47:24.9
U34,P193,cricket,IPL player scores century,view,2,47:24.9
U33,P5,football,Football club wins league title,upvote,1,47:24.9
U50,P20,football,Champions League match analysis,view,2,47:24.9
U47,P155,nba,Star player scores 40 points,view,3,47:24.9
U53,P288,tennis,Historic tennis comeback win,upvote,2,47:24.9
U60,P15,tennis,Historic tennis comeback win,comment,1,47:24.9
U3,P81,cricket,IPL player scores century,upvote,3,47:24.9
U85,P179,tennis,Grand Slam match summary,comment,3,47:24.9
U51,P263,tennis,Historic tennis comeback win,view,1,47:24.9
U57,P4,nba,Trade rumors heat up in NBA,comment,3,47:24.9
U59,P193,football,Football club wins league title,view,3,47:24.9
U96,P203,tennis,Young player reaches finals,comment,3,47:24.9
U43,P21,football,Football club wins league title,upvote,2,47:24.9
U68,P223,tennis,Historic tennis comeback win,comment,1,47:24.9
U85,P31,football,Last-minute goal shocks fans,view,1,47:24.9
U16,P218,football,Football club wins league title,comment,1,47:24.9
U66,P107,f1,Team strategy dominates race,upvote,1,47:24.9
U2,P241,f1,Driver wins dramatic race,comment,1,47:24.9
U98,P255,cricket,IPL player scores century,upvote,1,47:24.9
U54,P112,f1,Team strategy dominates race,view,2,47:24.9
U75,P219,cricket,Cricket World Cup match highlights,upvote,3,47:24.9
U11,P78,cricket,Cricket World Cup match highlights,comment,1,47:24.9
U74,P221,f1,Team strategy dominates race,upvote,3,47:24.9
U33,P149,cricket,Star bowler takes five wickets,comment,1,47:24.9
U65,P260,nba,NBA finals game recap,comment,2,47:24.9
U68,P190,nba,Playoff race intensifies,view,1,47:24.9
U41,P186,tennis,Grand Slam match summary,comment,1,47:24.9
U59,P7,football,Football club wins league title,view,2,47:24.9
U30,P251,tennis,Young player reaches finals,upvote,3,47:24.9
U34,P35,cricket,IPL player scores century,comment,1,47:24.9
U47,P258,cricket,Cricket World Cup match highlights,upvote,2,47:24.9
U97,P129,football,Last-minute goal shocks fans,comment,1,47:24.9
U3,P73,football,Champions League match analysis,view,2,47:24.9
U98,P282,football,Champions League match analysis,comment,1,47:24.9
U61,P140,cricket,IPL player scores century,upvote,1,47:24.9
U22,P58,nba,Trade rumors heat up in NBA,view,2,47:24.9
U19,P156,football,Top striker scores hat-trick,comment,3,47:24.9
U85,P219,nba,Trade rumors heat up in NBA,upvote,1,47:24.9
U79,P25,f1,Qualifying results analysis,comment,1,47:24.9
U63,P127,cricket,Star bowler takes five wickets,upvote,3,47:24.9
U79,P60,nba,Trade rumors heat up in NBA,upvote,1,47:24.9
U50,P195,cricket,India wins thrilling cricket match,view,2,47:24.9
U43,P170,tennis,Grand Slam match summary,upvote,2,47:24.9
U20,P115,f1,Qualifying results analysis,upvote,3,47:24.9
U46,P289,football,Last-minute goal shocks fans,comment,2,47:24.9
U62,P47,tennis,Grand Slam match summary,upvote,2,47:24.9
U29,P290,football,Top striker scores hat-trick,comment,1,47:24.9
U88,P180,cricket,Cricket World Cup match highlights,comment,3,47:24.9
U61,P201,football,Last-minute goal shocks fans,view,2,47:24.9
U7,P99,nba,Star player scores 40 points,upvote,1,47:24.9
U17,P129,f1,F1 race weekend highlights,view,3,47:24.9
U12,P228,football,Football club wins league title,view,1,47:24.9
U85,P28,cricket,Star bowler takes five wickets,upvote,2,47:24.9
U60,P226,tennis,Top seed knocked out,upvote,3,47:24.9
U38,P158,f1,Driver wins dramatic race,comment,3,47:24.9
U37,P93,f1,Qualifying results analysis,view,1,47:24.9
U53,P108,nba,NBA finals game recap,upvote,2,47:24.9
U92,P137,nba,NBA finals game recap,view,1,47:24.9
U1,P118,tennis,Historic tennis comeback win,upvote,1,47:24.9
U21,P277,cricket,IPL player scores century,view,1,47:24.9
U42,P261,football,Last-minute goal shocks fans,view,3,47:24.9
U54,P298,football,Last-minute goal shocks fans,view,3,47:24.9
U57,P255,nba,Trade rumors heat up in NBA,upvote,1,47:24.9
U69,P260,f1,Driver wins dramatic race,upvote,2,47:24.9
U85,P265,f1,Team strategy dominates race,upvote,1,47:24.9
U23,P16,f1,Qualifying results analysis,upvote,3,47:24.9
U60,P248,tennis,Top seed knocked out,comment,1,47:24.9
U27,P149,cricket,India wins thrilling cricket match,comment,1,47:24.9
U13,P164,nba,NBA finals game recap,comment,3,47:24.9
U33,P134,football,Champions League match analysis,upvote,1,47:24.9
U68,P52,cricket,Star bowler takes five wickets,view,2,47:24.9
U27,P133,tennis,Historic tennis comeback win,upvote,1,47:24.9
U54,P118,football,Last-minute goal shocks fans,comment,1,47:24.9
U12,P109,tennis,Young player reaches finals,upvote,1,47:24.9
U21,P235,cricket,Cricket World Cup match highlights,upvote,3,47:24.9
U57,P80,football,Top striker scores hat-trick,upvote,1,47:24.9
U51,P206,tennis,Grand Slam match summary,view,1,47:24.9
U99,P229,tennis,Young player reaches finals,comment,2,47:24.9
U89,P26,f1,Team strategy dominates race,comment,2,47:24.9
U45,P192,nba,NBA finals game recap,comment,1,47:24.9
U72,P135,cricket,IPL player scores century,upvote,3,47:24.9
U63,P200,tennis,Young player reaches finals,view,3,47:24.9
U61,P98,cricket,Star bowler takes five wickets,upvote,2,47:24.9
U66,P131,f1,Driver wins dramatic race,upvote,3,47:24.9
U48,P207,nba,NBA finals game recap,upvote,3,47:24.9
U81,P200,tennis,Young player reaches finals,view,1,47:24.9
U7,P11,football,Champions League match analysis,comment,1,47:24.9
U22,P124,f1,Team strategy dominates race,view,3,47:24.9
U63,P199,nba,Trade rumors heat up in NBA,view,1,47:24.9
U89,P274,tennis,Top seed knocked out,comment,1,47:24.9
U99,P205,tennis,Young player reaches finals,view,2,47:24.9
U29,P62,f1,F1 race weekend highlights,comment,2,47:24.9
U69,P120,nba,NBA finals game recap,view,2,47:24.9
U35,P232,tennis,Young player reaches finals,upvote,1,47:24.9
U87,P207,cricket,Cricket World Cup match highlights,view,3,47:24.9
U80,P18,cricket,Star bowler takes five wickets,upvote,1,47:24.9
U75,P240,cricket,India wins thrilling cricket match,comment,2,47:24.9
U57,P148,football,Last-minute goal shocks fans,view,3,47:24.9
U1,P262,nba,Star player scores 40 points,view,2,47:24.9
U16,P86,tennis,Top seed knocked out,view,3,47:24.9
U67,P2,tennis,Historic tennis comeback win,upvote,1,47:24.9
U76,P42,f1,Team strategy dominates race,upvote,2,47:24.9
U28,P265,cricket,Cricket World Cup match highlights,upvote,2,47:24.9
U25,P108,football,Champions League match analysis,comment,3,47:24.9
U74,P260,nba,Star player scores 40 points,view,3,47:24.9
U72,P248,football,Champions League match analysis,comment,2,47:24.9
U51,P296,tennis,Top seed knocked out,view,3,47:24.9
U63,P166,cricket,Star bowler takes five wickets,view,1,47:24.9
U46,P60,f1,Team strategy dominates race,comment,3,47:24.9
U47,P275,tennis,Grand Slam match summary,upvote,1,47:24.9
U78,P93,cricket,Cricket World Cup match highlights,view,3,47:24.9
U56,P5,tennis,Grand Slam match summary,upvote,2,47:24.9
U70,P192,cricket,Star bowler takes five wickets,upvote,3,47:24.9
U93,P86,football,Champions League match analysis,upvote,2,47:24.9
U67,P248,f1,F1 race weekend highlights,comment,2,47:24.9
U4,P62,nba,Trade rumors heat up in NBA,upvote,1,47:24.9
U95,P226,nba,Trade rumors heat up in NBA,upvote,1,47:24.9
U3,P262,football,Top striker scores hat-trick,upvote,2,47:24.9
U78,P159,tennis,Grand Slam match summary,comment,1,47:24.9
U42,P54,cricket,India wins thrilling cricket match,comment,3,47:24.9
U88,P280,nba,Playoff race intensifies,view,2,47:24.9
U78,P150,nba,Playoff race intensifies,comment,2,47:24.9
U72,P74,cricket,Cricket World Cup match highlights,view,1,47:24.9
U28,P11,football,Last-minute goal shocks fans,view,1,47:24.9
U65,P112,f1,Team strategy dominates race,view,3,47:24.9
U54,P145,nba,Playoff race intensifies,upvote,3,47:24.9
U29,P234,nba,Trade rumors heat up in NBA,comment,2,47:24.9
U92,P66,cricket,India wins thrilling cricket match,upvote,2,47:24.9
U76,P112,cricket,IPL player scores century,view,2,47:24.9
U35,P83,football,Football club wins league title,comment,3,47:24.9
U54,P230,nba,Trade rumors heat up in NBA,comment,1,47:24.9
U68,P81,cricket,India wins thrilling cricket match,upvote,3,47:24.9
U93,P52,cricket,Star bowler takes five wickets,view,2,47:24.9
U43,P251,tennis,Young player reaches finals,comment,1,47:24.9
U34,P216,f1,Team strategy dominates race,comment,2,47:24.9
U93,P207,nba,Trade rumors heat up in NBA,upvote,1,47:24.9
U69,P56,football,Top striker scores hat-trick,comment,3,47:24.9
U39,P220,football,Top striker scores hat-trick,upvote,2,47:24.9
U13,P222,cricket,IPL player scores century,view,2,47:24.9
U41,P102,tennis,Young player reaches finals,upvote,2,47:24.9
U25,P53,football,Football club wins league title,view,3,47:24.9
U13,P199,cricket,Cricket World Cup match highlights,upvote,1,47:24.9
U76,P265,football,Last-minute goal shocks fans,upvote,1,47:24.9
U80,P21,f1,F1 race weekend highlights,comment,3,47:24.9
U39,P159,nba,Playoff race intensifies,comment,2,47:24.9
U61,P254,nba,NBA finals game recap,comment,1,47:24.9
U41,P211,f1,Driver wins dramatic race,comment,2,47:24.9
U82,P150,football,Football club wins league title,upvote,2,47:24.9
U76,P102,football,Last-minute goal shocks fans,upvote,2,47:24.9
U53,P253,nba,Playoff race intensifies,comment,3,47:24.9
U36,P253,tennis,Historic tennis comeback win,comment,1,47:24.9
U15,P91,football,Football club wins league title,upvote,3,47:24.9
U23,P98,nba,NBA finals game recap,view,3,47:24.9
U54,P260,cricket,IPL player scores century,comment,3,47:24.9
U57,P222,f1,Team strategy dominates race,comment,3,47:24.9
U30,P63,football,Football club wins league title,view,1,47:24.9
U82,P219,cricket,Star bowler takes five wickets,comment,1,47:24.9
U25,P142,f1,Qualifying results analysis,upvote,2,47:24.9
U64,P22,f1,Driver wins dramatic race,view,2,47:24.9
U69,P87,tennis,Historic tennis comeback win,comment,1,47:24.9
U55,P199,nba,Playoff race intensifies,upvote,3,47:24.9
U59,P60,football,Football club wins league title,view,2,47:24.9
U28,P217,cricket,Cricket World Cup match highlights,comment,2,47:24.9
U4,P282,tennis,Grand Slam match summary,comment,2,47:24.9
U40,P41,football,Champions League match analysis,view,2,47:24.9
U22,P94,tennis,Top seed knocked out,view,1,47:24.9
U91,P164,football,Last-minute goal shocks fans,comment,2,47:24.9
U5,P208,tennis,Top seed knocked out,comment,2,47:24.9
U52,P175,cricket,Cricket World Cup match highlights,upvote,3,47:24.9
U38,P53,nba,Playoff race intensifies,upvote,3,47:24.9
U98,P105,f1,F1 race weekend highlights,comment,1,47:24.9
U74,P263,nba,Star player scores 40 points,upvote,1,47:24.9
U71,P296,football,Champions League match analysis,comment,2,47:24.9
U27,P125,football,Champions League match analysis,upvote,1,47:24.9
U22,P260,cricket,IPL player scores century,upvote,3,47:24.9
U69,P259,cricket,India wins thrilling cricket match,comment,2,47:24.9
U77,P17,f1,Qualifying results analysis,comment,2,47:24.9
U97,P103,tennis,Top seed knocked out,view,2,47:24.9
U47,P80,football,Last-minute goal shocks fans,upvote,1,47:24.9
U18,P125,cricket,Cricket World Cup match highlights,upvote,3,47:24.9
U33,P203,football,Last-minute goal shocks fans,view,3,47:24.9
U68,P157,f1,Qualifying results analysis,upvote,3,47:24.9
U83,P21,football,Football club wins league title,upvote,1,47:24.9
U55,P136,football,Last-minute goal shocks fans,view,2,47:24.9
U22,P3,cricket,India wins thrilling cricket match,view,1,47:24.9
U57,P247,nba,Star player scores 40 points,comment,1,47:24.9
U63,P238,cricket,Star bowler takes five wickets,comment,1,47:24.9
U70,P27,cricket,IPL player scores century,comment,2,47:24.9
U83,P199,nba,Playoff race intensifies,view,3,47:24.9
U74,P236,tennis,Top seed knocked out,view,2,47:24.9
U89,P184,football,Champions League match analysis,comment,1,47:24.9
U6,P105,f1,Qualifying results analysis,upvote,2,47:24.9
U47,P191,cricket,IPL player scores century,view,3,47:24.9
U52,P9,football,Last-minute goal shocks fans,comment,2,47:24.9
U21,P99,cricket,IPL player scores century,upvote,1,47:24.9
U43,P249,football,Top striker scores hat-trick,upvote,3,47:24.9
U17,P300,f1,Qualifying results analysis,upvote,3,47:24.9
U23,P252,football,Football club wins league title,upvote,3,47:24.9
U12,P47,tennis,Young player reaches finals,view,1,47:24.9
U96,P129,tennis,Young player reaches finals,view,3,47:24.9
U83,P137,nba,NBA finals game recap,comment,3,47:24.9
U42,P152,nba,Star player scores 40 points,upvote,3,47:24.9
U77,P257,cricket,Cricket World Cup match highlights,upvote,1,47:24.9
U1,P163,football,Champions League match analysis,view,2,47:24.9
U28,P115,nba,Star player scores 40 points,comment,2,47:24.9
U94,P170,football,Champions League match analysis,view,3,47:24.9
U64,P103,tennis,Historic tennis comeback win,upvote,3,47:24.9
U97,P56,cricket,India wins thrilling cricket match,view,1,47:24.9
U44,P28,football,Football club wins league title,view,2,47:24.9
U6,P205,f1,Qualifying results analysis,upvote,2,47:24.9
U93,P80,nba,NBA finals game recap,upvote,1,47:24.9
U28,P71,football,Football club wins league title,upvote,1,47:24.9
U95,P233,cricket,Cricket World Cup match highlights,upvote,1,47:24.9
U19,P294,cricket,India wins thrilling cricket match,upvote,1,47:24.9
U96,P219,tennis,Historic tennis comeback win,upvote,2,47:24.9
U70,P297,football,Last-minute goal shocks fans,comment,3,47:24.9
U88,P82,tennis,Top seed knocked out,upvote,2,47:24.9
U52,P67,nba,Star player scores 40 points,comment,1,47:24.9
U92,P43,football,Top striker scores hat-trick,comment,1,47:24.9
U78,P242,football,Champions League match analysis,view,3,47:24.9
U46,P200,cricket,Star bowler takes five wickets,upvote,3,47:24.9
U27,P121,f1,Driver wins dramatic race,comment,2,47:24.9
U69,P255,nba,Star player scores 40 points,comment,3,47:24.9
U22,P298,f1,Team strategy dominates race,comment,1,47:24.9
U23,P268,cricket,Star bowler takes five wickets,comment,1,47:24.9
U18,P208,football,Football club wins league title,upvote,1,47:24.9
U16,P106,tennis,Historic tennis comeback win,comment,3,47:24.9
U57,P151,football,Last-minute goal shocks fans,comment,1,47:24.9
U4,P203,cricket,India wins thrilling cricket match,comment,2,47:24.9
U82,P53,f1,Qualifying results analysis,comment,3,47:24.9
U37,P184,cricket,India wins thrilling cricket match,view,1,47:24.9
U42,P195,cricket,India wins thrilling cricket match,upvote,2,47:24.9
U94,P134,cricket,Cricket World Cup match highlights,upvote,2,47:24.9
U28,P95,f1,Driver wins dramatic race,comment,1,47:24.9
U39,P10,cricket,Star bowler takes five wickets,comment,3,47:24.9
U38,P131,tennis,Top seed knocked out,comment,3,47:24.9
U5,P227,tennis,Grand Slam match summary,comment,2,47:24.9
U66,P175,f1,Qualifying results analysis,comment,3,47:24.9
U56,P21,tennis,Top seed knocked out,upvote,2,47:24.9
U82,P5,tennis,Historic tennis comeback win,view,3,47:24.9
U91,P248,nba,Trade rumors heat up in NBA,view,2,47:24.9
U31,P189,nba,Trade rumors heat up in NBA,view,3,47:24.9
U3,P282,cricket,Cricket World Cup match highlights,comment,2,47:24.9
U67,P173,football,Last-minute goal shocks fans,upvote,2,47:24.9
U31,P268,nba,Star player scores 40 points,view,1,47:24.9
U29,P168,cricket,IPL player scores century,upvote,1,47:24.9
U4,P58,tennis,Historic tennis comeback win,comment,3,47:24.9
U63,P15,tennis,Historic tennis comeback win,comment,2,47:24.9
U65,P18,nba,Trade rumors heat up in NBA,view,1,47:24.9
U89,P289,tennis,Young player reaches finals,comment,1,47:24.9
U99,P282,football,Champions League match analysis,view,3,47:24.9
U31,P31,nba,NBA finals game recap,comment,1,47:24.9
U31,P138,tennis,Historic tennis comeback win,comment,2,47:24.9
U70,P55,nba,Playoff race intensifies,view,3,47:24.9
U98,P95,tennis,Historic tennis comeback win,comment,2,47:24.9
U54,P191,football,Football club wins league title,upvote,2,47:24.9
U99,P119,cricket,IPL player scores century,comment,1,47:24.9
U84,P267,football,Champions League match analysis,upvote,2,47:24.9
U53,P38,tennis,Top seed knocked out,comment,3,47:24.9
U60,P102,football,Football club wins league title,upvote,1,47:24.9
U48,P271,football,Top striker scores hat-trick,upvote,1,47:24.9
U99,P201,f1,Driver wins dramatic race,comment,1,47:24.9
U48,P51,tennis,Historic tennis comeback win,comment,1,47:24.9
U2,P198,tennis,Young player reaches finals,comment,1,47:24.9
U41,P157,nba,NBA finals game recap,upvote,1,47:24.9
U60,P183,tennis,Young player reaches finals,upvote,3,47:24.9
U54,P36,football,Last-minute goal shocks fans,view,1,47:24.9
U68,P247,tennis,Young player reaches finals,view,2,47:24.9
U27,P112,nba,NBA finals game recap,view,1,47:24.9
U9,P53,football,Last-minute goal shocks fans,upvote,2,47:24.9
U11,P140,nba,Playoff race intensifies,comment,3,47:24.9
U90,P115,football,Last-minute goal shocks fans,comment,2,47:24.9
U81,P267,tennis,Top seed knocked out,comment,2,47:24.9
U26,P25,cricket,India wins thrilling cricket match,upvote,2,47:24.9
U38,P171,tennis,Grand Slam match summary,comment,1,47:24.9
U78,P11,cricket,India wins thrilling cricket match,view,2,47:24.9
U77,P233,nba,Trade rumors heat up in NBA,comment,3,47:24.9
U37,P271,f1,Qualifying results analysis,upvote,3,47:24.9
U50,P298,football,Top striker scores hat-trick,view,2,47:24.9
U57,P176,f1,Team strategy dominates race,comment,1,47:24.9
U86,P166,cricket,Star bowler takes five wickets,comment,3,47:24.9
U91,P12,f1,Qualifying results analysis,upvote,3,47:24.9
U23,P146,football,Last-minute goal shocks fans,upvote,1,47:24.9
U15,P126,cricket,IPL player scores century,upvote,1,47:24.9
U92,P180,football,Top striker scores hat-trick,comment,3,47:24.9
U60,P214,cricket,India wins thrilling cricket match,upvote,1,47:24.9
U15,P36,football,Last-minute goal shocks fans,view,2,47:24.9
U100,P272,football,Top striker scores hat-trick,comment,1,47:24.9
U3,P98,tennis,Young player reaches finals,upvote,3,47:24.9
U24,P88,f1,Driver wins dramatic race,view,2,47:24.9
U73,P9,tennis,Young player reaches finals,upvote,2,47:24.9
U90,P273,nba,NBA finals game recap,comment,2,47:24.9
U56,P13,cricket,Star bowler takes five wickets,comment,3,47:24.9
U22,P189,nba,Playoff race intensifies,comment,3,47:24.9
U27,P246,nba,Playoff race intensifies,upvote,2,47:24.9
U2,P187,f1,Driver wins dramatic race,comment,2,47:24.9
U93,P290,cricket,India wins thrilling cricket match,upvote,2,47:24.9
U67,P143,tennis,Young player reaches finals,view,2,47:24.9
U10,P294,nba,Playoff race intensifies,view,3,47:24.9
U65,P181,football,Football club wins league title,upvote,3,47:24.9
U20,P66,football,Football club wins league title,comment,2,47:24.9
U73,P128,f1,F1 race weekend highlights,comment,1,47:24.9
U82,P90,nba,Star player scores 40 points,comment,3,47:24.9
U55,P300,cricket,Cricket World Cup match highlights,comment,1,47:24.9
U40,P220,nba,NBA finals game recap,view,2,47:24.9
U40,P20,tennis,Top seed knocked out,comment,2,47:24.9
U20,P30,f1,F1 race weekend highlights,comment,1,47:24.9
U75,P298,tennis,Grand Slam match summary,comment,3,47:24.9
U56,P41,tennis,Young player reaches finals,comment,3,47:24.9
U85,P268,cricket,IPL player scores century,view,1,47:24.9
U55,P281,tennis,Young player reaches finals,view,2,47:24.9
U68,P125,cricket,Cricket World Cup match highlights,comment,3,47:24.9
U35,P283,nba,Trade rumors heat up in NBA,comment,3,47:24.9
U31,P119,f1,Team strategy dominates race,upvote,2,47:24.9
U100,P69,tennis,Young player reaches finals,view,1,47:24.9
U98,P88,football,Top striker scores hat-trick,upvote,2,47:24.9
U18,P238,football,Last-minute goal shocks fans,view,1,47:24.9
U99,P79,tennis,Top seed knocked out,view,1,47:24.9
U24,P238,f1,F1 race weekend highlights,upvote,3,47:24.9
U8,P68,football,Champions League match analysis,upvote,1,47:24.9
U30,P135,cricket,IPL player scores century,upvote,2,47:24.9
U57,P227,nba,Star player scores 40 points,upvote,2,47:24.9
U83,P192,cricket,India wins thrilling cricket match,comment,2,47:24.9
U55,P170,nba,NBA finals game recap,view,1,47:24.9
U31,P194,tennis,Top seed knocked out,view,2,47:24.9
U21,P250,cricket,Star bowler takes five wickets,comment,3,47:24.9
U68,P279,f1,F1 race weekend highlights,view,1,47:24.9
U1,P249,nba,Trade rumors heat up in NBA,comment,2,47:24.9
U53,P118,football,Top striker scores hat-trick,comment,1,47:24.9
U48,P270,football,Top striker scores hat-trick,comment,2,47:24.9
U14,P201,f1,Team strategy dominates race,view,2,47:24.9
U26,P285,nba,Trade rumors heat up in NBA,comment,1,47:24.9
U86,P265,nba,Trade rumors heat up in NBA,view,3,47:24.9
U53,P252,tennis,Historic tennis comeback win,upvote,3,47:24.9
U61,P186,football,Last-minute goal shocks fans,upvote,2,47:24.9
U57,P206,cricket,India wins thrilling cricket match,view,3,47:24.9
U33,P40,football,Top striker scores hat-trick,comment,3,47:24.9
U30,P257,tennis,Historic tennis comeback win,comment,2,47:24.9
U53,P115,nba,NBA finals game recap,upvote,1,47:24.9
U67,P149,cricket,India wins thrilling cricket match,comment,3,47:24.9
U7,P141,tennis,Young player reaches finals,view,1,47:24.9
U11,P197,nba,Playoff race intensifies,comment,3,47:24.9
U34,P187,football,Top striker scores hat-trick,comment,1,47:24.9
U48,P158,football,Champions League match analysis,view,2,47:24.9
U30,P247,cricket,India wins thrilling cricket match,upvote,3,47:24.9
U73,P40,cricket,Cricket World Cup match highlights,upvote,2,47:24.9
U11,P186,nba,Trade rumors heat up in NBA,comment,2,47:24.9
U19,P212,cricket,Star bowler takes five wickets,comment,2,47:24.9
U72,P270,f1,Driver wins dramatic race,upvote,1,47:24.9
U81,P263,cricket,India wins thrilling cricket match,view,3,47:24.9
U57,P164,football,Last-minute goal shocks fans,upvote,2,47:24.9
U42,P274,cricket,Star bowler takes five wickets,comment,3,47:24.9
U53,P141,football,Champions League match analysis,view,1,47:24.9
U83,P129,football,Top striker scores hat-trick,comment,1,47:24.9
U86,P153,cricket,IPL player scores century,upvote,3,47:24.9
U80,P31,tennis,Grand Slam match summary,view,2,47:24.9
U67,P175,nba,Star player scores 40 points,comment,3,47:24.9
U37,P121,f1,Qualifying results analysis,view,1,47:24.9
U17,P39,football,Football club wins league title,comment,3,47:24.9
U53,P295,tennis,Grand Slam match summary,view,3,47:24.9
U94,P214,cricket,India wins thrilling cricket match,comment,3,47:24.9
U35,P257,football,Last-minute goal shocks fans,comment,1,47:24.9
U4,P274,nba,Playoff race intensifies,view,2,47:24.9
U68,P64,cricket,IPL player scores century,view,1,47:24.9
U31,P240,football,Champions League match analysis,comment,2,47:24.9
U56,P22,cricket,Cricket World Cup match highlights,view,2,47:24.9
U46,P193,f1,F1 race weekend highlights,view,1,47:24.9
U26,P252,cricket,India wins thrilling cricket match,upvote,2,47:24.9
U65,P37,nba,Star player scores 40 points,upvote,3,47:24.9
U32,P245,nba,Playoff race intensifies,upvote,2,47:24.9
U22,P257,f1,Team strategy dominates race,view,1,47:24.9
U46,P45,f1,Driver wins dramatic race,view,1,47:24.9
U73,P115,f1,Driver wins dramatic race,upvote,1,47:24.9
U88,P177,football,Top striker scores hat-trick,view,3,47:24.9
U60,P109,f1,F1 race weekend highlights,view,3,47:24.9
U70,P54,nba,Playoff race intensifies,upvote,3,47:24.9
U29,P11,f1,Team strategy dominates race,upvote,2,47:24.9
U3,P45,nba,NBA finals game recap,upvote,2,47:24.9
U49,P140,nba,Playoff race intensifies,view,3,47:24.9
U24,P270,tennis,Top seed knocked out,comment,1,47:24.9
U61,P54,cricket,India wins thrilling cricket match,comment,1,47:24.9
U17,P197,nba,Star player scores 40 points,upvote,2,47:24.9
U45,P281,f1,F1 race weekend highlights,comment,2,47:24.9
U6,P65,cricket,Star bowler takes five wickets,comment,3,47:24.9
U31,P192,tennis,Grand Slam match summary,view,2,47:24.9
U65,P207,cricket,India wins thrilling cricket match,upvote,3,47:24.9
U81,P148,f1,Qualifying results analysis,upvote,2,47:24.9
U15,P75,football,Football club wins league title,view,2,47:24.9
U94,P221,f1,Team strategy dominates race,comment,3,47:24.9
U19,P97,tennis,Young player reaches finals,comment,1,47:24.9
U85,P178,cricket,Cricket World Cup match highlights,upvote,1,47:24.9
U58,P266,football,Champions League match analysis,comment,1,47:24.9
U35,P168,cricket,IPL player scores century,upvote,2,47:24.9
U56,P126,nba,NBA finals game recap,view,1,47:24.9
U96,P69,football,Top striker scores hat-trick,comment,3,47:24.9
U75,P132,tennis,Top seed knocked out,view,2,47:24.9
U28,P135,cricket,Star bowler takes five wickets,view,3,47:24.9
U28,P205,football,Last-minute goal shocks fans,view,3,47:24.9
U46,P29,football,Football club wins league title,upvote,1,47:24.9
U10,P94,nba,Playoff race intensifies,view,3,47:24.9
U31,P91,football,Top striker scores hat-trick,view,1,47:24.9
U57,P20,football,Last-minute goal shocks fans,view,3,47:24.9
U49,P59,cricket,IPL player scores century,view,3,47:24.9
U36,P14,cricket,IPL player scores century,comment,3,47:24.9
U59,P88,nba,Playoff race intensifies,view,2,47:24.9
U57,P184,tennis,Grand Slam match summary,view,1,47:24.9
U68,P237,cricket,India wins thrilling cricket match,comment,1,47:24.9
U4,P10,f1,Team strategy dominates race,comment,1,47:24.9
U94,P192,cricket,India wins thrilling cricket match,view,3,47:24.9
U1,P101,football,Last-minute goal shocks fans,view,1,47:24.9
U85,P112,tennis,Grand Slam match summary,upvote,3,47:24.9
U50,P233,football,Top striker scores hat-trick,view,1,47:24.9
U53,P186,football,Football club wins league title,comment,2,47:24.9
U34,P226,f1,Qualifying results analysis,upvote,3,47:24.9
U39,P16,cricket,Cricket World Cup match highlights,comment,2,47:24.9
U65,P25,tennis,Young player reaches finals,comment,1,47:24.9
U64,P65,football,Top striker scores hat-trick,comment,3,47:24.9
U85,P77,football,Champions League match analysis,view,2,47:24.9
U22,P131,nba,Playoff race intensifies,comment,3,47:24.9
U28,P60,tennis,Young player reaches finals,comment,2,47:24.9
U41,P72,tennis,Young player reaches finals,upvote,3,47:24.9
U78,P160,nba,Trade rumors heat up in NBA,upvote,1,47:24.9
U14,P280,f1,F1 race weekend highlights,view,2,47:24.9
U31,P292,cricket,Star bowler takes five wickets,comment,3,47:24.9
U57,P2,f1,Driver wins dramatic race,comment,1,47:24.9
U26,P172,tennis,Grand Slam match summary,comment,3,47:24.9
U3,P14,f1,Driver wins dramatic race,comment,1,47:24.9
U41,P89,tennis,Young player reaches finals,comment,2,47:24.9
U9,P72,cricket,Cricket World Cup match highlights,view,2,47:24.9
U93,P42,nba,Playoff race intensifies,comment,1,47:24.9
U74,P50,football,Top striker scores hat-trick,comment,2,47:24.9
U58,P235,football,Top striker scores hat-trick,upvote,1,47:24.9
U85,P291,tennis,Top seed knocked out,view,3,47:24.9
U58,P164,nba,Trade rumors heat up in NBA,view,2,47:24.9
U7,P207,cricket,India wins thrilling cricket match,view,3,47:24.9
U79,P58,f1,Driver wins dramatic race,view,1,47:24.9
U73,P233,cricket,Star bowler takes five wickets,view,2,47:24.9
U83,P231,nba,Playoff race intensifies,view,1,47:24.9
U86,P176,cricket,India wins thrilling cricket match,upvote,2,47:24.9
U75,P166,cricket,Cricket World Cup match highlights,comment,3,47:24.9
U19,P71,nba,Playoff race intensifies,comment,2,47:24.9
U45,P86,nba,Trade rumors heat up in NBA,comment,2,47:24.9
U14,P178,football,Champions League match analysis,view,3,47:24.9
U50,P104,f1,Team strategy dominates race,upvote,1,47:24.9
U63,P101,cricket,India wins thrilling cricket match,upvote,3,47:24.9
U13,P47,football,Last-minute goal shocks fans,comment,1,47:24.9
U20,P30,cricket,Star bowler takes five wickets,comment,3,47:24.9
U58,P296,tennis,Top seed knocked out,comment,2,47:24.9
U81,P7,tennis,Young player reaches finals,upvote,2,47:24.9
U85,P293,football,Last-minute goal shocks fans,view,1,47:24.9
U69,P294,f1,Driver wins dramatic race,comment,3,47:24.9
U86,P136,cricket,India wins thrilling cricket match,view,1,47:24.9
U30,P17,football,Last-minute goal shocks fans,view,3,47:24.9
U53,P184,f1,Qualifying results analysis,upvote,3,47:24.9
U82,P102,nba,Trade rumors heat up in NBA,view,3,47:24.9
U17,P11,football,Champions League match analysis,upvote,1,47:24.9
U93,P188,tennis,Historic tennis comeback win,upvote,3,47:24.9
U66,P50,cricket,IPL player scores century,upvote,1,47:24.9
U84,P73,football,Top striker scores hat-trick,upvote,1,47:24.9
U57,P148,f1,Team strategy dominates race,comment,1,47:24.9
U20,P281,f1,F1 race weekend highlights,comment,2,47:24.9
U81,P250,tennis,Top seed knocked out,comment,3,47:24.9
U98,P26,f1,Qualifying results analysis,comment,2,47:24.9
U31,P119,football,Top striker scores hat-trick,upvote,2,47:24.9
U39,P243,nba,Trade rumors heat up in NBA,view,1,47:24.9
U85,P179,tennis,Young player reaches finals,view,2,47:24.9
U73,P253,f1,Team strategy dominates race,view,2,47:24.9
U20,P292,nba,Trade rumors heat up in NBA,comment,2,47:24.9
U88,P174,nba,NBA finals game recap,comment,3,47:24.9
U73,P268,tennis,Young player reaches finals,upvote,3,47:24.9
U3,P94,football,Top striker scores hat-trick,upvote,1,47:24.9
U74,P50,cricket,Cricket World Cup match highlights,view,1,47:24.9
U36,P62,football,Last-minute goal shocks fans,comment,2,47:24.9
U92,P100,football,Football club wins league title,upvote,1,47:24.9
U32,P293,tennis,Young player reaches finals,comment,1,47:24.9
U90,P253,f1,F1 race weekend highlights,comment,2,47:24.9
U60,P228,cricket,Star bowler takes five wickets,view,1,47:24.9
U84,P118,football,Football club wins league title,view,3,47:24.9
U10,P283,football,Top striker scores hat-trick,view,1,47:24.9
U62,P223,cricket,Cricket World Cup match highlights,upvote,1,47:24.9
U54,P149,cricket,Star bowler takes five wickets,comment,3,47:24.9
U6,P255,tennis,Grand Slam match summary,comment,3,47:24.9
U63,P104,cricket,India wins thrilling cricket match,comment,1,47:24.9
U38,P97,f1,F1 race weekend highlights,view,2,47:24.9
U90,P35,nba,Playoff race intensifies,upvote,3,47:24.9
U19,P24,f1,Team strategy dominates race,comment,3,47:24.9
U73,P46,tennis,Historic tennis comeback win,view,3,47:24.9
U29,P29,football,Top striker scores hat-trick,view,1,47:24.9
U5,P211,nba,Star player scores 40 points,upvote,1,47:24.9
U7,P250,tennis,Historic tennis comeback win,upvote,1,47:24.9
U29,P153,nba,Playoff race intensifies,comment,3,47:24.9
U43,P251,f1,Driver wins dramatic race,comment,3,47:24.9
U1,P245,nba,NBA finals game recap,upvote,1,47:24.9
U20,P17,football,Champions League match analysis,comment,2,47:24.9
U86,P97,tennis,Top seed knocked out,upvote,3,47:24.9
U79,P51,tennis,Young player reaches finals,upvote,1,47:24.9
U3,P52,f1,Team strategy dominates race,view,1,47:24.9
U81,P45,cricket,Star bowler takes five wickets,upvote,3,47:24.9
U71,P183,nba,Playoff race intensifies,upvote,1,47:24.9
U18,P203,cricket,IPL player scores century,view,2,47:24.9
U24,P230,f1,Qualifying results analysis,view,2,47:24.9
U24,P243,f1,Driver wins dramatic race,upvote,3,47:24.9
U93,P40,football,Football club wins league title,view,1,47:24.9
U92,P189,f1,Qualifying results analysis,comment,1,47:24.9
U82,P26,f1,F1 race weekend highlights,comment,1,47:24.9
U26,P112,f1,F1 race weekend highlights,upvote,2,47:24.9
U53,P132,f1,Qualifying results analysis,upvote,2,47:24.9
U16,P249,tennis,Young player reaches finals,comment,3,47:24.9
U28,P286,f1,F1 race weekend highlights,view,2,47:24.9
U99,P18,nba,Star player scores 40 points,upvote,1,47:24.9
U62,P103,cricket,Cricket World Cup match highlights,view,1,47:24.9
U1,P40,cricket,Cricket World Cup match highlights,comment,2,47:24.9
U97,P227,f1,Team strategy dominates race,upvote,3,47:24.9
U20,P172,cricket,Cricket World Cup match highlights,upvote,3,47:24.9
U39,P8,tennis,Young player reaches finals,upvote,1,47:24.9
U88,P250,cricket,Star bowler takes five wickets,upvote,3,47:24.9
U41,P214,football,Champions League match analysis,view,1,47:24.9
U82,P265,cricket,Cricket World Cup match highlights,comment,1,47:24.9
U64,P36,f1,Team strategy dominates race,view,3,47:24.9
U69,P40,football,Champions League match analysis,view,1,47:24.9
U67,P213,football,Top striker scores hat-trick,comment,3,47:24.9
U79,P121,football,Top striker scores hat-trick,view,1,47:24.9
U94,P238,football,Last-minute goal shocks fans,comment,2,47:24.9
U90,P24,cricket,Star bowler takes five wickets,view,1,47:24.9
U76,P260,cricket,India wins thrilling cricket match,comment,1,47:24.9
U75,P280,tennis,Young player reaches finals,upvote,1,47:24.9
U48,P111,nba,NBA finals game recap,view,3,47:24.9
U8,P21,tennis,Top seed knocked out,comment,2,47:24.9
U91,P234,f1,Team strategy dominates race,comment,2,47:24.9
U84,P202,cricket,India wins thrilling cricket match,comment,1,47:24.9
U35,P56,football,Champions League match analysis,comment,2,47:24.9
U90,P89,nba,Trade rumors heat up in NBA,upvote,3,47:24.9
U30,P254,football,Champions League match analysis,upvote,2,47:24.9
U37,P145,f1,Qualifying results analysis,view,3,47:24.9
U35,P28,f1,Qualifying results analysis,view,2,47:24.9
U80,P225,tennis,Grand Slam match summary,view,2,47:24.9
U20,P99,f1,Qualifying results analysis,upvote,1,47:24.9
U92,P283,nba,NBA finals game recap,upvote,2,47:24.9
U96,P47,tennis,Grand Slam match summary,comment,2,47:24.9
U63,P260,nba,NBA finals game recap,comment,1,47:24.9
U57,P189,cricket,Star bowler takes five wickets,view,1,47:24.9
U76,P253,nba,NBA finals game recap,upvote,1,47:24.9
U83,P39,tennis,Young player reaches finals,view,2,47:24.9
U42,P39,nba,Playoff race intensifies,view,2,47:24.9
U32,P188,football,Football club wins league title,comment,2,47:24.9
U94,P105,cricket,IPL player scores century,comment,3,47:24.9
U31,P277,nba,Playoff race intensifies,upvote,2,47:24.9
U60,P251,tennis,Grand Slam match summary,upvote,3,47:24.9
U83,P195,f1,Driver wins dramatic race,view,1,47:24.9
U17,P134,nba,NBA finals game recap,upvote,1,47:24.9
U28,P66,cricket,Cricket World Cup match highlights,upvote,2,47:24.9
U69,P52,tennis,Top seed knocked out,upvote,3,47:24.9
U99,P86,football,Top striker scores hat-trick,comment,3,47:24.9
U29,P285,cricket,Cricket World Cup match highlights,comment,2,47:24.9
U49,P51,cricket,Star bowler takes five wickets,upvote,2,47:24.9
U74,P227,nba,Star player scores 40 points,view,1,47:24.9
U42,P25,football,Football club wins league title,upvote,2,47:24.9
U6,P66,football,Champions League match analysis,upvote,3,47:24.9
U15,P217,nba,Playoff race intensifies,view,2,47:24.9
U83,P242,football,Champions League match analysis,comment,3,47:24.9
U55,P266,nba,Playoff race intensifies,comment,3,47:24.9
U45,P163,football,Last-minute goal shocks fans,upvote,3,47:24.9
U26,P8,tennis,Historic tennis comeback win,view,2,47:24.9
U15,P24,nba,Trade rumors heat up in NBA,comment,3,47:24.9
U29,P257,f1,Team strategy dominates race,comment,3,47:24.9
U61,P4,football,Football club wins league title,view,1,47:24.9
U6,P117,nba,Trade rumors heat up in NBA,view,3,47:24.9
U63,P271,nba,NBA finals game recap,comment,3,47:24.9
U43,P240,nba,Playoff race intensifies,view,1,47:24.9
U42,P140,cricket,India wins thrilling cricket match,view,1,47:24.9
U41,P91,cricket,Star bowler takes five wickets,upvote,3,47:24.9
U40,P128,football,Top striker scores hat-trick,view,3,47:24.9
U2,P243,cricket,IPL player scores century,comment,1,47:24.9
U22,P18,football,Top striker scores hat-trick,upvote,2,47:24.9
U7,P34,nba,NBA finals game recap,comment,2,47:24.9
U63,P82,nba,NBA finals game recap,comment,2,47:24.9
U21,P195,football,Top striker scores hat-trick,comment,1,47:24.9
U11,P182,nba,Star player scores 40 points,comment,3,47:24.9
U53,P209,tennis,Grand Slam match summary,upvote,1,47:24.9
U66,P290,f1,F1 race weekend highlights,comment,1,47:24.9
U96,P165,nba,Playoff race intensifies,comment,1,47:24.9
U21,P221,f1,Driver wins dramatic race,upvote,3,47:24.9
U92,P232,cricket,Cricket World Cup match highlights,comment,2,47:24.9
U82,P5,f1,Qualifying results analysis,upvote,3,47:24.9
U80,P117,tennis,Top seed knocked out,view,1,47:24.9
U33,P38,nba,NBA finals game recap,view,2,47:24.9
U67,P269,cricket,Star bowler takes five wickets,upvote,2,47:24.9
U77,P150,f1,Team strategy dominates race,view,1,47:24.9
U59,P171,tennis,Top seed knocked out,view,2,47:24.9
U46,P192,football,Champions League match analysis,view,2,47:24.9
U35,P19,tennis,Young player reaches finals,comment,2,47:24.9
U67,P221,cricket,IPL player scores century,view,2,47:24.9
U11,P240,tennis,Top seed knocked out,view,3,47:24.9
U32,P67,nba,Playoff race intensifies,upvote,3,47:24.9
U26,P182,football,Champions League match analysis,comment,2,47:24.9
U71,P221,tennis,Young player reaches finals,comment,1,47:24.9
U36,P128,football,Football club wins league title,upvote,3,47:24.9
U24,P267,cricket,India wins thrilling cricket match,upvote,2,47:24.9
U76,P102,football,Football club wins league title,upvote,3,47:24.9
U37,P271,cricket,Cricket World Cup match highlights,view,1,47:24.9
U2,P279,football,Last-minute goal shocks fans,view,3,47:24.9
U69,P62,f1,Qualifying results analysis,comment,2,47:24.9
U36,P208,nba,NBA finals game recap,comment,2,47:24.9
U94,P298,tennis,Young player reaches finals,view,2,47:24.9
U11,P238,nba,NBA finals game recap,comment,2,47:24.9
U10,P277,cricket,IPL player scores century,view,3,47:24.9
U26,P252,nba,Trade rumors heat up in NBA,view,2,47:24.9
U18,P275,f1,Qualifying results analysis,view,2,47:24.9
U83,P114,cricket,Cricket World Cup match highlights,comment,3,47:24.9
U89,P113,tennis,Top seed knocked out,view,1,47:24.9
U50,P44,f1,Team strategy dominates race,comment,3,47:24.9
U28,P102,tennis,Historic tennis comeback win,comment,2,47:24.9
U43,P63,f1,Qualifying results analysis,upvote,3,47:24.9
U58,P130,football,Last-minute goal shocks fans,view,3,47:24.9
U29,P113,nba,Star player scores 40 points,upvote,3,47:24.9
U35,P249,f1,F1 race weekend highlights,view,3,47:24.9
U47,P74,nba,Star player scores 40 points,upvote,2,47:24.9
U75,P130,tennis,Top seed knocked out,upvote,1,47:24.9
U31,P89,cricket,Cricket World Cup match highlights,comment,3,47:24.9
U28,P67,football,Football club wins league title,comment,1,47:24.9
U32,P171,tennis,Young player reaches finals,comment,1,47:24.9
U2,P249,f1,F1 race weekend highlights,upvote,2,47:24.9
U18,P122,f1,Driver wins dramatic race,comment,3,47:24.9
U38,P83,tennis,Grand Slam match summary,view,2,47:24.9
U15,P247,cricket,India wins thrilling cricket match,view,3,47:24.9
U79,P12,nba,Playoff race intensifies,view,3,47:24.9
U36,P239,football,Last-minute goal shocks fans,comment,3,47:24.9
U27,P270,tennis,Historic tennis comeback win,view,2,47:24.9
U11,P12,football,Football club wins league title,view,1,47:24.9
U53,P218,football,Last-minute goal shocks fans,view,3,47:24.9
U17,P217,f1,Driver wins dramatic race,view,1,47:24.9
U35,P94,tennis,Historic tennis comeback win,view,3,47:24.9
U25,P60,nba,Trade rumors heat up in NBA,view,2,47:24.9
U100,P271,football,Champions League match analysis,upvote,1,47:24.9
U46,P90,f1,Qualifying results analysis,comment,3,47:24.9
U16,P206,tennis,Young player reaches finals,comment,2,47:24.9
U63,P202,nba,Trade rumors heat up in NBA,upvote,2,47:24.9
U82,P44,cricket,Cricket World Cup match highlights,upvote,2,47:24.9
U84,P4,f1,Team strategy dominates race,comment,3,47:24.9
U68,P288,f1,F1 race weekend highlights,upvote,2,47:24.9
U10,P294,f1,Team strategy dominates race,upvote,1,47:24.9
U75,P211,nba,Star player scores 40 points,view,3,47:24.9
U79,P184,cricket,IPL player scores century,upvote,3,47:24.9
U11,P117,football,Top striker scores hat-trick,upvote,3,47:24.9
U51,P157,football,Last-minute goal shocks fans,upvote,2,47:24.9
U82,P81,tennis,Grand Slam match summary,view,1,47:24.9
U17,P45,cricket,India wins thrilling cricket match,comment,2,47:24.9
U34,P12,cricket,IPL player scores century,upvote,1,47:24.9
U74,P92,cricket,Star bowler takes five wickets,view,3,47:24.9
U38,P224,football,Champions League match analysis,comment,3,47:24.9
U80,P284,tennis,Historic tennis comeback win,view,3,47:24.9
U28,P139,tennis,Top seed knocked out,upvote,1,47:24.9
U87,P223,tennis,Young player reaches finals,view,1,47:24.9
U16,P141,nba,NBA finals game recap,comment,1,47:24.9
U65,P1,cricket,India wins thrilling cricket match,upvote,1,47:24.9
U48,P201,cricket,India wins thrilling cricket match,upvote,2,47:24.9
U10,P97,tennis,Historic tennis comeback win,comment,3,47:24.9
U21,P187,football,Last-minute goal shocks fans,view,1,47:24.9
U95,P102,f1,Driver wins dramatic race,comment,3,47:24.9
U11,P186,tennis,Young player reaches finals,comment,3,47:24.9
U2,P186,tennis,Young player reaches finals,comment,2,47:24.9
U56,P27,tennis,Young player reaches finals,comment,1,47:24.9
U84,P97,football,Top striker scores hat-trick,upvote,1,47:24.9
U59,P73,nba,Playoff race intensifies,comment,1,47:24.9
U68,P50,f1,Qualifying results analysis,comment,1,47:24.9
U15,P174,cricket,Star bowler takes five wickets,comment,2,47:24.9
U80,P44,tennis,Young player reaches finals,view,1,47:24.9
U29,P254,tennis,Young player reaches finals,view,1,47:24.9
U83,P125,cricket,India wins thrilling cricket match,comment,1,47:24.9
U44,P153,cricket,IPL player scores century,comment,3,47:24.9
U88,P127,cricket,IPL player scores century,comment,3,47:24.9
U26,P4,cricket,IPL player scores century,comment,1,47:24.9
U28,P86,tennis,Historic tennis comeback win,upvote,3,47:24.9
U30,P272,football,Football club wins league title,view,1,47:24.9
U26,P271,cricket,Star bowler takes five wickets,comment,2,47:24.9
U71,P171,tennis,Grand Slam match summary,view,3,47:24.9
U29,P205,f1,Qualifying results analysis,view,2,47:24.9
U35,P27,football,Champions League match analysis,upvote,3,47:24.9
U49,P105,tennis,Historic tennis comeback win,view,1,47:24.9
U69,P199,football,Football club wins league title,view,3,47:24.9
U19,P157,cricket,Cricket World Cup match highlights,upvote,3,47:24.9
U24,P239,nba,Trade rumors heat up in NBA,view,2,47:24.9
U96,P290,football,Champions League match analysis,comment,2,47:24.9
U56,P90,f1,Team strategy dominates race,comment,3,47:24.9
U14,P100,cricket,Cricket World Cup match highlights,view,2,47:24.9
U27,P246,cricket,IPL player scores century,upvote,2,47:24.9
U15,P19,football,Football club wins league title,upvote,2,47:24.9
U91,P228,nba,Trade rumors heat up in NBA,view,2,47:24.9
U49,P50,tennis,Historic tennis comeback win,upvote,3,47:24.9
U90,P86,tennis,Historic tennis comeback win,comment,1,47:24.9
U4,P105,f1,F1 race weekend highlights,comment,1,47:24.9
U69,P28,f1,Driver wins dramatic race,comment,3,47:24.9
U84,P130,nba,Playoff race intensifies,view,2,47:24.9
U61,P241,f1,Team strategy dominates race,comment,2,47:24.9
U47,P237,tennis,Top seed knocked out,upvote,1,47:24.9
U47,P196,tennis,Young player reaches finals,upvote,2,47:24.9
U73,P262,football,Last-minute goal shocks fans,upvote,2,47:24.9
U36,P260,tennis,Historic tennis comeback win,view,3,47:24.9
U28,P232,nba,NBA finals game recap,upvote,3,47:24.9
U73,P132,tennis,Grand Slam match summary,view,1,47:24.9
U36,P109,cricket,India wins thrilling cricket match,view,3,47:24.9
U65,P298,football,Last-minute goal shocks fans,upvote,1,47:24.9
U89,P125,nba,Star player scores 40 points,comment,1,47:24.9
U43,P287,nba,Trade rumors heat up in NBA,view,1,47:24.9
U57,P27,nba,Trade rumors heat up in NBA,comment,1,47:24.9
U70,P208,nba,Star player scores 40 points,comment,1,47:24.9
U64,P203,tennis,Historic tennis comeback win,view,2,47:24.9
U55,P137,cricket,IPL player scores century,comment,2,47:24.9
U79,P39,football,Last-minute goal shocks fans,upvote,1,47:24.9
U39,P244,f1,Driver wins dramatic race,view,2,47:24.9
U22,P19,football,Champions League match analysis,comment,2,47:24.9
U11,P31,tennis,Top seed knocked out,view,2,47:24.9
U19,P229,football,Football club wins league title,view,1,47:24.9
U100,P241,cricket,IPL player scores century,upvote,2,47:24.9
U2,P250,f1,Driver wins dramatic race,view,3,47:24.9
U3,P37,nba,Playoff race intensifies,comment,2,47:24.9
U18,P286,nba,Trade rumors heat up in NBA,comment,2,47:24.9
U83,P250,nba,Trade rumors heat up in NBA,comment,1,47:24.9
U47,P267,football,Champions League match analysis,view,1,47:24.9
U78,P136,cricket,IPL player scores century,view,3,47:24.9
U54,P242,tennis,Historic tennis comeback win,upvote,3,47:24.9
U34,P224,football,Champions League match analysis,comment,2,47:24.9
U24,P104,football,Champions League match analysis,view,1,47:24.9
U14,P57,cricket,IPL player scores century,view,2,47:24.9
U84,P197,tennis,Young player reaches finals,comment,2,47:24.9
U81,P163,football,Champions League match analysis,comment,2,47:24.9
U16,P63,football,Football club wins league title,upvote,1,47:24.9
U6,P117,cricket,Cricket World Cup match highlights,view,3,47:24.9
U66,P138,tennis,Grand Slam match summary,upvote,3,47:24.9
U33,P257,tennis,Top seed knocked out,upvote,3,47:24.9
U75,P13,football,Football club wins league title,upvote,1,47:24.9
U27,P142,tennis,Top seed knocked out,view,2,47:24.9
U88,P161,f1,Driver wins dramatic race,comment,3,47:24.9
U54,P158,f1,F1 race weekend highlights,view,1,47:24.9
U86,P174,f1,Team strategy dominates race,view,1,47:24.9
U63,P162,tennis,Historic tennis comeback win,comment,1,47:24.9
U82,P261,cricket,IPL player scores century,view,3,47:24.9
U86,P210,tennis,Top seed knocked out,upvote,1,47:24.9
U21,P136,tennis,Grand Slam match summary,view,3,47:24.9
U96,P14,football,Champions League match analysis,view,2,47:24.9
U4,P157,f1,F1 race weekend highlights,upvote,3,47:24.9
U46,P49,f1,Qualifying results analysis,comment,1,47:24.9
U61,P180,tennis,Top seed knocked out,view,1,47:24.9
U73,P173,f1,F1 race weekend highlights,upvote,1,47:24.9
U77,P284,cricket,Star bowler takes five wickets,upvote,3,47:24.9
U29,P91,football,Top striker scores hat-trick,upvote,1,47:24.9
U34,P145,nba,Star player scores 40 points,upvote,1,47:24.9
U85,P20,cricket,IPL player scores century,view,1,47:24.9
U10,P116,football,Champions League match analysis,upvote,1,47:24.9
U41,P89,football,Top striker scores hat-trick,view,1,47:24.9
U37,P190,football,Champions League match analysis,upvote,3,47:24.9
U65,P285,cricket,India wins thrilling cricket match,upvote,2,47:24.9
U66,P27,nba,Playoff race intensifies,comment,3,47:24.9
U10,P165,tennis,Young player reaches finals,view,1,47:24.9
U10,P39,tennis,Grand Slam match summary,upvote,3,47:24.9
U4,P208,tennis,Young player reaches finals,comment,3,47:24.9
U40,P32,nba,Playoff race intensifies,comment,2,47:24.9
U24,P6,f1,F1 race weekend highlights,upvote,2,47:24.9
U51,P16,tennis,Historic tennis comeback win,view,1,47:24.9
U58,P236,football,Champions League match analysis,upvote,3,47:24.9
U78,P167,f1,Driver wins dramatic race,view,1,47:24.9
U45,P159,f1,F1 race weekend highlights,upvote,3,47:24.9
U69,P187,f1,Qualifying results analysis,upvote,1,47:24.9
U6,P6,nba,Playoff race intensifies,upvote,2,47:24.9
U19,P181,cricket,Star bowler takes five wickets,view,1,47:24.9
U79,P244,football,Champions League match analysis,comment,1,47:24.9
U55,P293,f1,Team strategy dominates race,comment,3,47:24.9
U97,P285,tennis,Grand Slam match summary,view,3,47:24.9
U83,P280,cricket,Star bowler takes five wickets,upvote,2,47:24.9
U22,P225,tennis,Grand Slam match summary,comment,1,47:24.9
U62,P109,tennis,Grand Slam match summary,view,1,47:24.9
U37,P145,football,Last-minute goal shocks fans,comment,3,47:24.9
U99,P207,tennis,Grand Slam match summary,view,1,47:24.9
U36,P104,nba,Playoff race intensifies,comment,2,47:24.9
U6,P273,nba,Playoff race intensifies,comment,3,47:24.9
U76,P277,cricket,Cricket World Cup match highlights,view,2,47:24.9
U33,P278,football,Football club wins league title,upvote,3,47:24.9
U54,P51,nba,NBA finals game recap,comment,1,47:24.9
U94,P214,f1,F1 race weekend highlights,upvote,2,47:24.9
U71,P64,tennis,Young player reaches finals,upvote,1,47:24.9
U58,P86,football,Top striker scores hat-trick,view,1,47:24.9
U86,P80,cricket,Cricket World Cup match highlights,upvote,3,47:24.9
U77,P59,tennis,Historic tennis comeback win,view,3,47:24.9
U72,P69,football,Champions League match analysis,upvote,3,47:24.9
U70,P148,nba,NBA finals game recap,comment,2,47:24.9
U21,P171,tennis,Young player reaches finals,view,2,47:24.9
U35,P293,f1,F1 race weekend highlights,comment,3,47:24.9
U56,P24,nba,NBA finals game recap,comment,1,47:24.9
U78,P8,tennis,Top seed knocked out,upvote,3,47:24.9
U45,P225,f1,Team strategy dominates race,view,1,47:24.9
U27,P195,tennis,Top seed knocked out,comment,2,47:24.9
U87,P200,football,Football club wins league title,view,3,47:24.9
U50,P300,football,Football club wins league title,comment,3,47:24.9
U17,P147,nba,Star player scores 40 points,view,1,47:24.9
U22,P32,football,Football club wins league title,upvote,3,47:24.9
U61,P288,football,Football club wins league title,upvote,2,47:24.9
U75,P222,f1,Qualifying results analysis,upvote,2,47:24.9
U52,P266,football,Champions League match analysis,view,1,47:24.9
U16,P115,tennis,Top seed knocked out,view,3,47:24.9
U50,P122,f1,Team strategy dominates race,upvote,3,47:24.9
U57,P254,f1,Team strategy dominates race,view,2,47:24.9
U73,P271,tennis,Young player reaches finals,view,3,47:24.9
U1,P43,f1,Qualifying results analysis,upvote,2,47:24.9
U20,P292,football,Football club wins league title,comment,2,47:24.9
U2,P99,f1,Team strategy dominates race,comment,1,47:24.9
U64,P64,football,Football club wins league title,upvote,1,47:24.9
U17,P74,f1,Driver wins dramatic race,comment,2,47:24.9
U22,P48,nba,NBA finals game recap,upvote,3,47:24.9
U59,P59,f1,Qualifying results analysis,upvote,1,47:24.9
U76,P87,football,Champions League match analysis,view,1,47:24.9
U45,P256,tennis,Young player reaches finals,upvote,3,47:24.9
U10,P195,f1,Driver wins dramatic race,comment,1,47:24.9
U72,P276,football,Top striker scores hat-trick,view,1,47:24.9
U16,P119,nba,Playoff race intensifies,comment,1,47:24.9
U86,P164,nba,Trade rumors heat up in NBA,view,1,47:24.9
U7,P213,f1,Team strategy dominates race,upvote,1,47:24.9
U95,P297,tennis,Top seed knocked out,view,1,47:24.9
U22,P38,nba,NBA finals game recap,view,1,47:24.9
U81,P150,tennis,Grand Slam match summary,view,2,47:24.9
U52,P155,cricket,Cricket World Cup match highlights,comment,1,47:24.9
U66,P178,tennis,Grand Slam match summary,view,2,47:24.9
U61,P184,cricket,Star bowler takes five wickets,upvote,2,47:24.9
U69,P165,nba,Trade rumors heat up in NBA,view,2,47:24.9
U98,P171,f1,F1 race weekend highlights,upvote,1,47:24.9
U53,P153,nba,Playoff race intensifies,view,1,47:24.9
U69,P135,f1,F1 race weekend highlights,view,3,47:24.9
U76,P108,nba,Star player scores 40 points,comment,2,47:24.9
U45,P59,nba,Star player scores 40 points,comment,1,47:24.9
U25,P276,football,Last-minute goal shocks fans,view,2,47:24.9
U32,P230,cricket,India wins thrilling cricket match,upvote,3,47:24.9
U83,P182,tennis,Young player reaches finals,upvote,1,47:24.9
U6,P56,tennis,Grand Slam match summary,comment,1,47:24.9
U89,P147,cricket,Star bowler takes five wickets,comment,2,47:24.9
U67,P2,football,Champions League match analysis,view,2,47:24.9
U14,P96,cricket,Star bowler takes five wickets,upvote,1,47:24.9
U100,P14,football,Football club wins league title,comment,3,47:24.9
U42,P130,nba,Playoff race intensifies,upvote,3,47:24.9
U69,P202,nba,Star player scores 40 points,view,3,47:24.9
U82,P75,f1,F1 race weekend highlights,upvote,3,47:24.9
U66,P35,nba,NBA finals game recap,view,2,47:24.9
U59,P12,nba,Trade rumors heat up in NBA,view,2,47:24.9
U9,P259,nba,Star player scores 40 points,upvote,2,47:24.9
U19,P106,nba,Playoff race intensifies,upvote,2,47:24.9
U54,P156,nba,Playoff race intensifies,view,2,47:24.9
U22,P237,tennis,Grand Slam match summary,comment,3,47:24.9
U56,P108,football,Champions League match analysis,comment,3,47:24.9
U17,P212,f1,Qualifying results analysis,view,3,47:24.9
U89,P199,football,Last-minute goal shocks fans,comment,2,47:24.9
U4,P77,cricket,India wins thrilling cricket match,comment,2,47:24.9
U51,P10,tennis,Young player reaches finals,view,2,47:24.9
U54,P229,cricket,Star bowler takes five wickets,view,3,47:24.9
U53,P107,cricket,Star bowler takes five wickets,view,2,47:24.9
U80,P259,football,Top striker scores hat-trick,comment,1,47:24.9
U77,P110,f1,Driver wins dramatic race,view,2,47:24.9
U71,P221,football,Football club wins league title,view,1,47:24.9
U95,P114,football,Champions League match analysis,view,2,47:24.9
U73,P177,nba,Star player scores 40 points,upvote,1,47:24.9
U9,P257,nba,Trade rumors heat up in NBA,view,3,47:24.9
U31,P138,football,Football club wins league title,comment,1,47:24.9
U97,P189,nba,NBA finals game recap,comment,3,47:24.9
U51,P204,tennis,Young player reaches finals,view,2,47:24.9
U35,P138,tennis,Young player reaches finals,upvote,3,47:24.9
U94,P176,tennis,Grand Slam match summary,view,1,47:24.9
U94,P41,nba,Star player scores 40 points,view,3,47:24.9
U59,P203,tennis,Young player reaches finals,comment,2,47:24.9
U52,P91,f1,Team strategy dominates race,upvote,1,47:24.9
U31,P181,f1,Driver wins dramatic race,comment,3,47:24.9
U99,P296,f1,Driver wins dramatic race,comment,1,47:24.9
U67,P12,cricket,IPL player scores century,view,1,47:24.9
U48,P213,football,Last-minute goal shocks fans,upvote,2,47:24.9
U96,P90,football,Top striker scores hat-trick,comment,1,47:24.9
U25,P115,football,Champions League match analysis,view,2,47:24.9
U28,P72,tennis,Top seed knocked out,view,3,47:24.9
U25,P219,cricket,IPL player scores century,upvote,3,47:24.9
U95,P108,f1,Driver wins dramatic race,comment,2,47:24.9
U16,P204,f1,Driver wins dramatic race,comment,1,47:24.9
U47,P62,cricket,Cricket World Cup match highlights,view,1,47:24.9
U40,P253,cricket,India wins thrilling cricket match,view,3,47:24.9
U20,P227,f1,Team strategy dominates race,view,1,47:24.9
U62,P81,cricket,Star bowler takes five wickets,view,2,47:24.9
U41,P111,cricket,Cricket World Cup match highlights,upvote,2,47:24.9
U81,P104,tennis,Historic tennis comeback win,upvote,2,47:24.9
U39,P10,nba,NBA finals game recap,comment,3,47:24.9
U16,P250,football,Top striker scores hat-trick,upvote,3,47:24.9
U32,P210,cricket,Cricket World Cup match highlights,comment,3,47:24.9
U9,P91,f1,Qualifying results analysis,upvote,2,47:24.9
U68,P57,f1,Driver wins dramatic race,comment,2,47:24.9
U92,P149,football,Champions League match analysis,upvote,2,47:24.9
U96,P119,f1,Qualifying results analysis,view,2,47:24.9
U90,P105,tennis,Young player reaches finals,upvote,1,47:24.9
U37,P290,nba,NBA finals game recap,view,3,47:24.9
U73,P45,f1,Team strategy dominates race,view,1,47:24.9
U26,P227,tennis,Historic tennis comeback win,comment,3,47:24.9
U41,P74,cricket,Star bowler takes five wickets,view,2,47:24.9
U18,P272,football,Last-minute goal shocks fans,view,3,47:24.9
U57,P274,football,Top striker scores hat-trick,upvote,3,47:24.9
U69,P21,cricket,India wins thrilling cricket match,view,3,47:24.9
U35,P250,cricket,India wins thrilling cricket match,upvote,3,47:24.9
U32,P211,football,Football club wins league title,comment,2,47:24.9
U34,P72,football,Top striker scores hat-trick,comment,2,47:24.9
U6,P265,nba,Trade rumors heat up in NBA,upvote,2,47:24.9
U2,P84,cricket,Cricket World Cup match highlights,upvote,3,47:24.9
U73,P76,cricket,Star bowler takes five wickets,view,3,47:24.9
U70,P12,football,Champions League match analysis,view,3,47:24.9
U90,P146,nba,Playoff race intensifies,comment,1,47:24.9
U95,P288,cricket,Star bowler takes five wickets,comment,1,47:24.9
U83,P298,f1,Driver wins dramatic race,comment,3,47:24.9
U50,P54,nba,NBA finals game recap,comment,2,47:24.9
U91,P201,cricket,Cricket World Cup match highlights,comment,2,47:24.9
U86,P190,nba,Trade rumors heat up in NBA,comment,1,47:24.9
U49,P27,football,Top striker scores hat-trick,upvote,1,47:24.9
U13,P187,f1,Qualifying results analysis,upvote,3,47:24.9
U78,P4,f1,Driver wins dramatic race,comment,3,47:24.9
U27,P5,f1,F1 race weekend highlights,upvote,2,47:24.9
U43,P159,nba,Trade rumors heat up in NBA,comment,3,47:24.9
U57,P69,cricket,Star bowler takes five wickets,upvote,2,47:24.9
U73,P180,tennis,Grand Slam match summary,comment,1,47:24.9
U69,P29,football,Top striker scores hat-trick,comment,2,47:24.9
U10,P39,f1,Driver wins dramatic race,upvote,3,47:24.9
U47,P131,nba,Star player scores 40 points,upvote,2,47:24.9
U50,P208,tennis,Historic tennis comeback win,upvote,1,47:24.9
U73,P74,tennis,Grand Slam match summary,comment,2,47:24.9
U60,P35,cricket,IPL player scores century,view,2,47:24.9
U75,P258,cricket,Cricket World Cup match highlights,upvote,3,47:24.9
U66,P66,f1,Qualifying results analysis,comment,2,47:24.9
U69,P249,cricket,India wins thrilling cricket match,comment,1,47:24.9
U12,P36,nba,Trade rumors heat up in NBA,comment,2,47:24.9
U49,P188,football,Football club wins league title,comment,2,47:24.9
U38,P120,football,Football club wins league title,view,1,47:24.9
U52,P227,nba,Trade rumors heat up in NBA,view,3,47:24.9
U19,P140,tennis,Grand Slam match summary,view,2,47:24.9
U47,P59,football,Top striker scores hat-trick,comment,1,47:24.9
U88,P143,f1,Driver wins dramatic race,comment,3,47:24.9
U54,P63,f1,Driver wins dramatic race,upvote,2,47:24.9
U50,P67,football,Champions League match analysis,view,3,47:24.9
U48,P226,nba,NBA finals game recap,view,3,47:24.9
U63,P19,football,Football club wins league title,upvote,3,47:24.9
U68,P198,nba,Star player scores 40 points,comment,1,47:24.9
U24,P234,football,Football club wins league title,comment,2,47:24.9
U37,P147,tennis,Grand Slam match summary,upvote,1,47:24.9
U6,P130,tennis,Historic tennis comeback win,upvote,1,47:24.9
U55,P23,tennis,Young player reaches finals,view,3,47:24.9
U71,P81,football,Champions League match analysis,view,2,47:24.9
U20,P98,nba,Playoff race intensifies,upvote,2,47:24.9
U9,P93,football,Last-minute goal shocks fans,upvote,2,47:24.9
U53,P70,cricket,Cricket World Cup match highlights,upvote,3,47:24.9
U66,P58,nba,Playoff race intensifies,upvote,1,47:24.9
U92,P14,nba,Playoff race intensifies,view,2,47:24.9
U22,P162,football,Football club wins league title,upvote,1,47:24.9
U81,P3,tennis,Historic tennis comeback win,comment,3,47:24.9
U45,P6,f1,Driver wins dramatic race,comment,3,47:24.9
U64,P62,nba,Playoff race intensifies,view,3,47:24.9
U52,P64,football,Football club wins league title,view,1,47:24.9
U92,P52,cricket,India wins thrilling cricket match,comment,1,47:24.9
U18,P28,football,Last-minute goal shocks fans,comment,2,47:24.9
U6,P237,nba,Playoff race intensifies,comment,3,47:24.9
U24,P138,football,Football club wins league title,comment,2,47:24.9
U67,P69,football,Football club wins league title,upvote,3,47:24.9
U75,P9,nba,NBA finals game recap,comment,2,47:24.9
U20,P257,cricket,IPL player scores century,upvote,2,47:24.9
U81,P89,tennis,Historic tennis comeback win,upvote,3,47:24.9
U56,P203,football,Last-minute goal shocks fans,upvote,3,47:24.9
U99,P29,tennis,Grand Slam match summary,comment,3,47:24.9
U75,P227,nba,NBA finals game recap,comment,3,47:24.9
U93,P181,cricket,Cricket World Cup match highlights,view,3,47:24.9
U99,P86,football,Football club wins league title,upvote,3,47:24.9
U57,P269,cricket,Star bowler takes five wickets,comment,1,47:24.9
U92,P85,cricket,IPL player scores century,comment,3,47:24.9
U94,P57,football,Football club wins league title,view,3,47:24.9
U70,P245,nba,Trade rumors heat up in NBA,view,3,47:24.9
U27,P271,cricket,Cricket World Cup match highlights,comment,1,47:24.9
U63,P35,tennis,Historic tennis comeback win,view,1,47:24.9
U1,P220,nba,Star player scores 40 points,view,2,47:24.9
U10,P138,f1,F1 race weekend highlights,upvote,1,47:24.9
U61,P65,f1,Qualifying results analysis,view,2,47:24.9
U29,P221,nba,Trade rumors heat up in NBA,comment,3,47:24.9
U59,P232,cricket,India wins thrilling cricket match,upvote,1,47:24.9
U35,P30,nba,Playoff race intensifies,view,3,47:24.9
U16,P286,f1,Team strategy dominates race,upvote,1,47:24.9
U42,P158,f1,Driver wins dramatic race,view,1,47:24.9
U91,P196,cricket,India wins thrilling cricket match,view,1,47:24.9
U51,P268,f1,Team strategy dominates race,upvote,1,47:24.9
U18,P271,cricket,Star bowler takes five wickets,view,2,47:24.9
U27,P262,football,Football club wins league title,upvote,1,47:24.9
U95,P238,football,Football club wins league title,comment,1,47:24.9
U73,P140,nba,Playoff race intensifies,upvote,3,47:24.9
U55,P26,cricket,Cricket World Cup match highlights,comment,2,47:24.9
U99,P169,tennis,Grand Slam match summary,upvote,2,47:24.9
U79,P292,football,Football club wins league title,view,1,47:24.9
U61,P63,football,Football club wins league title,comment,1,47:24.9
U81,P95,f1,Qualifying results analysis,upvote,1,47:24.9
U44,P195,cricket,Cricket World Cup match highlights,comment,2,47:24.9
U21,P273,cricket,Cricket World Cup match highlights,comment,3,47:24.9
U84,P263,cricket,IPL player scores century,view,2,47:24.9
U71,P116,nba,Trade rumors heat up in NBA,comment,3,47:24.9
U89,P47,cricket,Cricket World Cup match highlights,comment,3,47:24.9
U92,P131,football,Last-minute goal shocks fans,upvote,2,47:24.9
U11,P80,f1,Qualifying results analysis,view,1,47:24.9
U36,P102,cricket,Star bowler takes five wickets,upvote,1,47:24.9
U65,P60,nba,Trade rumors heat up in NBA,view,3,47:24.9
U44,P269,football,Top striker scores hat-trick,view,3,47:24.9
U76,P283,nba,Star player scores 40 points,comment,3,47:24.9
U1,P297,tennis,Top seed knocked out,view,3,47:24.9
U65,P160,football,Last-minute goal shocks fans,comment,1,47:24.9
U5,P251,tennis,Top seed knocked out,view,2,47:24.9
U72,P104,cricket,India wins thrilling cricket match,comment,3,47:24.9
U60,P275,tennis,Grand Slam match summary,comment,3,47:24.9
U59,P130,tennis,Top seed knocked out,view,1,47:24.9
U50,P160,cricket,India wins thrilling cricket match,comment,3,47:24.9
U73,P101,football,Champions League match analysis,upvote,3,47:24.9
U16,P119,tennis,Top seed knocked out,comment,1,47:24.9
U48,P1,football,Football club wins league title,view,1,47:24.9
U95,P11,nba,Star player scores 40 points,comment,1,47:24.9
U81,P211,cricket,Cricket World Cup match highlights,upvote,3,47:24.9
U34,P282,cricket,Star bowler takes five wickets,view,3,47:24.9
U51,P100,cricket,India wins thrilling cricket match,view,2,47:24.9
U75,P216,tennis,Grand Slam match summary,upvote,1,47:24.9
U66,P47,f1,F1 race weekend highlights,upvote,1,47:24.9
U16,P137,f1,Qualifying results analysis,comment,2,47:24.9
U30,P48,tennis,Historic tennis comeback win,view,1,47:24.9
U94,P220,cricket,Star bowler takes five wickets,upvote,3,47:24.9
U7,P269,football,Champions League match analysis,view,2,47:24.9
U41,P13,tennis,Historic tennis comeback win,view,1,47:24.9
U84,P276,f1,Driver wins dramatic race,comment,1,47:24.9
U76,P284,tennis,Top seed knocked out,upvote,2,47:24.9
U21,P26,f1,F1 race weekend highlights,view,3,47:24.9
U67,P34,football,Football club wins league title,upvote,3,47:24.9
U57,P56,cricket,Star bowler takes five wickets,view,2,47:24.9
U71,P85,f1,Qualifying results analysis,view,1,47:24.9
U35,P1,nba,NBA finals game recap,view,2,47:24.9
U54,P85,tennis,Historic tennis comeback win,comment,2,47:24.9
U52,P54,cricket,Cricket World Cup match highlights,comment,2,47:24.9
U48,P180,cricket,Star bowler takes five wickets,view,1,47:24.9
U56,P44,tennis,Historic tennis comeback win,upvote,3,47:24.9
U93,P183,cricket,IPL player scores century,upvote,1,47:24.9
U77,P216,f1,Driver wins dramatic race,comment,3,47:24.9
U15,P206,f1,Team strategy dominates race,view,2,47:24.9
U50,P46,nba,NBA finals game recap,comment,2,47:24.9
U83,P108,tennis,Grand Slam match summary,view,3,47:24.9
U23,P184,nba,Star player scores 40 points,view,3,47:24.9
U10,P196,nba,Trade rumors heat up in NBA,view,3,47:24.9
U50,P297,football,Top striker scores hat-trick,view,2,47:24.9
U84,P154,football,Last-minute goal shocks fans,upvote,2,47:24.9
U38,P83,nba,Trade rumors heat up in NBA,upvote,2,47:24.9
U59,P187,cricket,Star bowler takes five wickets,upvote,3,47:24.9
U26,P163,tennis,Top seed knocked out,upvote,3,47:24.9
U45,P160,football,Top striker scores hat-trick,view,1,47:24.9
U15,P261,cricket,Cricket World Cup match highlights,comment,1,47:24.9
U94,P88,nba,Star player scores 40 points,comment,2,47:24.9
U40,P277,football,Champions League match analysis,view,3,47:24.9
U90,P108,football,Last-minute goal shocks fans,view,1,47:24.9
U30,P297,f1,Driver wins dramatic race,comment,1,47:24.9
U60,P287,tennis,Top seed knocked out,comment,1,47:24.9
U23,P166,cricket,India wins thrilling cricket match,comment,2,47:24.9
U70,P266,tennis,Top seed knocked out,upvote,2,47:24.9
U68,P148,tennis,Young player reaches finals,upvote,3,47:24.9
U30,P214,cricket,IPL player scores century,upvote,2,47:24.9
U89,P83,cricket,Star bowler takes five wickets,upvote,1,47:24.9
U30,P222,f1,F1 race weekend highlights,view,3,47:24.9
U6,P260,tennis,Top seed knocked out,upvote,2,47:24.9
U29,P129,f1,Team strategy dominates race,view,2,47:24.9
U52,P212,f1,Driver wins dramatic race,upvote,1,47:24.9
U45,P179,football,Top striker scores hat-trick,comment,1,47:24.9
U49,P76,football,Football club wins league title,upvote,1,47:24.9
U94,P281,f1,Team strategy dominates race,comment,3,47:24.9
U4,P219,football,Football club wins league title,view,2,47:24.9
U55,P115,f1,Qualifying results analysis,view,1,47:24.9
U57,P159,f1,Team strategy dominates race,upvote,1,47:24.9
U40,P81,football,Top striker scores hat-trick,view,2,47:24.9
U10,P145,cricket,Cricket World Cup match highlights,comment,2,47:24.9
U33,P248,cricket,Cricket World Cup match highlights,upvote,2,47:24.9
U81,P119,football,Champions League match analysis,upvote,3,47:24.9
U72,P220,cricket,India wins thrilling cricket match,upvote,2,47:24.9
U9,P285,cricket,IPL player scores century,upvote,3,47:24.9
U81,P284,football,Football club wins league title,upvote,2,47:24.9
U43,P300,cricket,Cricket World Cup match highlights,upvote,2,47:24.9
U12,P48,nba,Trade rumors heat up in NBA,comment,1,47:24.9
U44,P229,football,Champions League match analysis,comment,1,47:24.9
U13,P183,football,Last-minute goal shocks fans,comment,2,47:24.9
U30,P221,f1,Team strategy dominates race,view,3,47:24.9
U100,P248,football,Last-minute goal shocks fans,view,1,47:24.9
U84,P5,tennis,Grand Slam match summary,comment,3,47:24.9
U56,P150,cricket,Cricket World Cup match highlights,comment,3,47:24.9
U42,P122,nba,Trade rumors heat up in NBA,upvote,3,47:24.9
U35,P171,nba,Playoff race intensifies,comment,1,47:24.9
U28,P97,nba,Playoff race intensifies,upvote,1,47:24.9
U83,P202,nba,NBA finals game recap,view,3,47:24.9
U29,P189,nba,NBA finals game recap,view,1,47:24.9
U63,P140,cricket,Cricket World Cup match highlights,comment,1,47:24.9
U90,P157,football,Champions League match analysis,comment,2,47:24.9
U86,P191,football,Champions League match analysis,view,3,47:24.9
U8,P87,f1,Driver wins dramatic race,view,2,47:24.9
U72,P24,cricket,IPL player scores century,comment,3,47:24.9
U99,P73,cricket,Star bowler takes five wickets,comment,1,47:24.9
U22,P259,tennis,Grand Slam match summary,upvote,3,47:24.9
U63,P215,cricket,Cricket World Cup match highlights,comment,2,47:24.9
U21,P126,tennis,Top seed knocked out,upvote,2,47:24.9
U20,P136,nba,Star player scores 40 points,view,2,47:24.9
U74,P267,cricket,India wins thrilling cricket match,view,3,47:24.9
U92,P5,tennis,Top seed knocked out,comment,2,47:24.9
U22,P275,tennis,Historic tennis comeback win,view,2,47:24.9
U74,P149,f1,Qualifying results analysis,upvote,1,47:24.9
U9,P287,f1,Driver wins dramatic race,comment,3,47:24.9
U81,P28,football,Last-minute goal shocks fans,view,2,47:24.9
U33,P122,nba,NBA finals game recap,upvote,1,47:24.9
U88,P1,football,Football club wins league title,comment,2,47:24.9
U55,P247,football,Last-minute goal shocks fans,upvote,1,47:24.9
U6,P146,f1,Driver wins dramatic race,view,1,47:24.9
U26,P135,tennis,Historic tennis comeback win,view,2,47:24.9
U85,P123,f1,F1 race weekend highlights,comment,1,47:24.9
U5,P271,cricket,Cricket World Cup match highlights,comment,1,47:24.9
U7,P118,f1,Qualifying results analysis,view,3,47:24.9
U100,P298,cricket,IPL player scores century,view,2,47:24.9
U75,P272,football,Top striker scores hat-trick,comment,1,47:24.9
U37,P269,cricket,IPL player scores century,upvote,3,47:24.9
U96,P294,nba,Trade rumors heat up in NBA,upvote,1,47:24.9
U61,P295,nba,Star player scores 40 points,comment,1,47:24.9
U44,P287,nba,Trade rumors heat up in NBA,upvote,1,47:24.9
U53,P247,tennis,Grand Slam match summary,upvote,3,47:24.9
U7,P118,tennis,Top seed knocked out,view,2,47:24.9
U56,P143,football,Football club wins league title,upvote,3,47:24.9
U92,P211,f1,F1 race weekend highlights,comment,1,47:24.9
U41,P130,tennis,Young player reaches finals,upvote,3,47:24.9
U62,P132,f1,F1 race weekend highlights,upvote,2,47:24.9
U35,P32,cricket,Cricket World Cup match highlights,view,3,47:24.9
U80,P98,f1,Team strategy dominates race,upvote,2,47:24.9
U24,P198,tennis,Top seed knocked out,upvote,3,47:24.9
U20,P27,f1,F1 race weekend highlights,view,2,47:24.9
U97,P202,f1,F1 race weekend highlights,comment,1,47:24.9
U52,P153,nba,Trade rumors heat up in NBA,view,2,47:24.9
U25,P285,football,Top striker scores hat-trick,upvote,3,47:24.9
U77,P126,cricket,India wins thrilling cricket match,view,2,47:24.9
U70,P143,cricket,Cricket World Cup match highlights,view,3,47:24.9
U35,P239,f1,Team strategy dominates race,upvote,2,47:24.9
U79,P157,cricket,IPL player scores century,view,1,47:24.9
U44,P68,tennis,Historic tennis comeback win,view,3,47:24.9
U76,P214,cricket,Star bowler takes five wickets,view,2,47:24.9
U49,P155,f1,F1 race weekend highlights,comment,1,47:24.9
U8,P14,nba,NBA finals game recap,view,1,47:24.9
U73,P102,cricket,Star bowler takes five wickets,view,3,47:24.9
U8,P40,tennis,Grand Slam match summary,comment,1,47:24.9
U63,P241,cricket,India wins thrilling cricket match,comment,2,47:24.9
U51,P228,nba,NBA finals game recap,view,3,47:24.9
U64,P35,cricket,IPL player scores century,view,3,47:24.9
U30,P116,nba,Playoff race intensifies,view,1,47:24.9
U79,P234,football,Top striker scores hat-trick,upvote,1,47:24.9
U42,P153,f1,Driver wins dramatic race,upvote,2,47:24.9
U52,P212,football,Last-minute goal shocks fans,upvote,3,47:24.9
U3,P76,f1,Driver wins dramatic race,view,3,47:24.9
U90,P235,cricket,India wins thrilling cricket match,upvote,3,47:24.9
U16,P268,f1,Qualifying results analysis,view,2,47:24.9
U65,P82,cricket,India wins thrilling cricket match,view,3,47:24.9
U29,P148,f1,Driver wins dramatic race,view,1,47:24.9
U90,P131,tennis,Grand Slam match summary,upvote,2,47:24.9
U13,P173,tennis,Young player reaches finals,comment,2,47:24.9
U69,P286,tennis,Top seed knocked out,comment,3,47:24.9
U87,P284,cricket,Star bowler takes five wickets,comment,2,47:24.9
U46,P69,football,Last-minute goal shocks fans,upvote,3,47:24.9
U43,P29,tennis,Young player reaches finals,upvote,3,47:24.9
U92,P54,cricket,Star bowler takes five wickets,comment,2,47:24.9
U45,P180,f1,Team strategy dominates race,comment,3,47:24.9
U47,P140,f1,F1 race weekend highlights,view,2,47:24.9
U90,P125,cricket,Star bowler takes five wickets,comment,3,47:24.9
U11,P234,nba,Star player scores 40 points,comment,1,47:24.9
U8,P150,nba,Star player scores 40 points,comment,3,47:24.9
U4,P165,football,Last-minute goal shocks fans,view,1,47:24.9
U45,P247,football,Football club wins league title,comment,3,47:24.9
U32,P36,f1,F1 race weekend highlights,view,1,47:24.9
U83,P110,tennis,Historic tennis comeback win,upvote,1,47:24.9
U58,P184,nba,NBA finals game recap,view,2,47:24.9
U36,P261,football,Last-minute goal shocks fans,upvote,1,47:24.9
U27,P203,tennis,Historic tennis comeback win,view,2,47:24.9
U16,P64,tennis,Historic tennis comeback win,comment,2,47:24.9
U33,P60,nba,Playoff race intensifies,upvote,3,47:24.9
U66,P102,tennis,Historic tennis comeback win,comment,3,47:24.9
U19,P26,football,Last-minute goal shocks fans,upvote,2,47:24.9
U7,P60,cricket,IPL player scores century,upvote,2,47:24.9
U17,P282,f1,Team strategy dominates race,view,1,47:24.9
U60,P165,f1,Qualifying results analysis,upvote,2,47:24.9
U20,P200,cricket,Cricket World Cup match highlights,comment,3,47:24.9
U88,P122,football,Last-minute goal shocks fans,comment,3,47:24.9
U58,P74,cricket,Cricket World Cup match highlights,comment,3,47:24.9
U96,P63,tennis,Grand Slam match summary,view,2,47:24.9
U45,P248,tennis,Grand Slam match summary,view,2,47:24.9
U10,P73,football,Football club wins league title,upvote,3,47:24.9
U31,P163,nba,Trade rumors heat up in NBA,view,2,47:24.9
U44,P73,football,Football club wins league title,upvote,2,47:24.9
U50,P253,nba,Trade rumors heat up in NBA,upvote,2,47:24.9
U42,P198,tennis,Young player reaches finals,upvote,1,47:24.9
U6,P224,f1,F1 race weekend highlights,view,1,47:24.9
U75,P265,tennis,Young player reaches finals,comment,2,47:24.9
U48,P214,f1,Team strategy dominates race,comment,3,47:24.9
U10,P124,football,Last-minute goal shocks fans,view,1,47:24.9
U99,P89,f1,F1 race weekend highlights,view,3,47:24.9
U93,P300,f1,Team strategy dominates race,comment,2,47:24.9
U97,P43,cricket,India wins thrilling cricket match,comment,3,47:24.9
U94,P208,f1,Team strategy dominates race,comment,3,47:24.9
U100,P272,football,Champions League match analysis,comment,3,47:24.9
U53,P271,football,Champions League match analysis,view,3,47:24.9
U20,P282,cricket,Cricket World Cup match highlights,upvote,2,47:24.9
U4,P21,cricket,Cricket World Cup match highlights,comment,3,47:24.9
U100,P287,football,Football club wins league title,comment,1,47:24.9
U19,P18,f1,F1 race weekend highlights,upvote,1,47:24.9
U47,P69,f1,Qualifying results analysis,upvote,3,47:24.9
U94,P9,tennis,Top seed knocked out,comment,3,47:24.9
U22,P290,football,Top striker scores hat-trick,comment,3,47:24.9
U72,P149,cricket,Cricket World Cup match highlights,view,3,47:24.9
U30,P84,tennis,Top seed knocked out,upvote,2,47:24.9
U64,P8,football,Top striker scores hat-trick,comment,1,47:24.9
U39,P20,cricket,Cricket World Cup match highlights,upvote,3,47:24.9
U21,P42,f1,Driver wins dramatic race,view,1,47:24.9
